slug_or_name,level,event,failure_reason,tags,source
beggar,-1,redo,first attempt drifted into black-and-white woodcut/engraving style inside ornate frame,unknown,tools/generate-token-art.mjs STYLE/NEGATIVE comments @6e8231e
commoner,-1,redo,first attempt drifted into black-and-white woodcut/engraving style inside ornate frame,unknown,tools/generate-token-art.mjs STYLE/NEGATIVE comments @6e8231e
gnome-philomath,-1,redo,one attempt drifted to black-and-white woodcut; another came back on solid teal background,scenery_backdrop;unknown,tools/generate-token-art.mjs STYLE/NEGATIVE comments @6e8231e
adept,-1,redo,arch/halo behind subject,halo_or_disc,tools/generate-token-art.mjs STYLE/NEGATIVE comments @6e8231e
barrister,-1,redo,arch/halo behind subject,halo_or_disc,tools/generate-token-art.mjs STYLE/NEGATIVE comments @6e8231e
guard-dog,-1,prompt_fixed,"decorative ring traced to prompt ""a metal ring"" collar detail read as framing device",halo_or_disc,tools/generate-token-art.mjs STYLE/NEGATIVE comments @6e8231e
librarian,-1,redo,"model invented whole workplace scene behind profession NPC (shelves, window, coins, bottles, chalkboard)",scenery_backdrop,tools/generate-token-art.mjs STYLE/NEGATIVE comments @6e8231e
merchant,-1,redo,"model invented whole workplace scene behind profession NPC (shelves, window, coins, bottles, chalkboard)",scenery_backdrop,tools/generate-token-art.mjs STYLE/NEGATIVE comments @6e8231e
physician,-1,redo,"model invented whole workplace scene behind profession NPC (shelves, window, coins, bottles, chalkboard)",scenery_backdrop,tools/generate-token-art.mjs STYLE/NEGATIVE comments @6e8231e
servant,-1,redo,"model invented whole workplace scene behind profession NPC (shelves, window, coins, bottles, chalkboard)",scenery_backdrop,tools/generate-token-art.mjs STYLE/NEGATIVE comments @6e8231e
teacher,-1,redo,"model invented whole workplace scene behind profession NPC (shelves, window, coins, bottles, chalkboard)",scenery_backdrop,tools/generate-token-art.mjs STYLE/NEGATIVE comments @6e8231e
tax-collector,-1,redo,workplace scene plus colored vignette/oval backdrop,scenery_backdrop,tools/generate-token-art.mjs STYLE/NEGATIVE comments @6e8231e
pilgrim-of-irori,-1,redo,full landscape backdrop (red mountain vista),scenery_backdrop,tools/generate-token-art.mjs STYLE/NEGATIVE comments @6e8231e
root-leshy-groundskeeper,-1,redo,full landscape backdrop (moon-and-forest silhouette),scenery_backdrop,tools/generate-token-art.mjs STYLE/NEGATIVE comments @6e8231e
viper,,redo,scalloped red glow ring traced around coiled body,halo_or_disc,tools/generate-token-art.mjs STYLE/NEGATIVE comments @6e8231e
trained-raven,,redo,jeweled candelabra flanking subject (symmetrical ceremonial composition),scenery_backdrop,tools/generate-token-art.mjs STYLE/NEGATIVE comments @6e8231e
crawling-hand,,prompt_fixed,"""fingers splayed like spider legs"" read literally: full moonlit forest scene with a spider",wrong_subject;scenery_backdrop,tools/generate-token-art.mjs MONSTER_ART docblock @6e8231e
drake,,redo,coiled-creature roundel/circular border (house-drake also drew a parrot instead of reptile),halo_or_disc,tools/generate-token-art.mjs STYLE/NEGATIVE comments @6e8231e
house-drake,,redo,coiled-creature roundel/circular border (house-drake also drew a parrot instead of reptile),halo_or_disc;wrong_subject,tools/generate-token-art.mjs STYLE/NEGATIVE comments @6e8231e
fey-dragonet,,redo,coiled-creature roundel/circular border (house-drake also drew a parrot instead of reptile),halo_or_disc,tools/generate-token-art.mjs STYLE/NEGATIVE comments @6e8231e
ghoul-stalker,,redo,moon/halo behind head,halo_or_disc,tools/generate-token-art.mjs STYLE/NEGATIVE comments @6e8231e
grindylow,,redo,solid colored (green) field background; also moon/halo,scenery_backdrop;halo_or_disc,tools/generate-token-art.mjs STYLE/NEGATIVE comments @6e8231e
kappa,,redo,solid colored field background,scenery_backdrop,tools/generate-token-art.mjs STYLE/NEGATIVE comments @6e8231e
leaf-leshy,,redo,drew human face wreathed in leaves and a pale backdrop,wrong_subject;scenery_backdrop,tools/generate-token-art.mjs leaf-leshy comment @6e8231e
bloodseeker,,redo,faint ground/water reflection gradient along bottom edge; passed generator score but failed standalone checker,scenery_backdrop,tools/generate-token-art.mjs STYLE/NEGATIVE comments @6e8231e
farmer,0,redo,"farmer's open field backdrop (name inferred from ""a farmer's open field"")",scenery_backdrop,tools/generate-token-art.mjs STYLE/NEGATIVE comments @6e8231e
dolphin,0,redo,splashing ocean backdrop under a dolphin (name inferred),scenery_backdrop,tools/generate-token-art.mjs STYLE/NEGATIVE comments @6e8231e
halfling-street-watcher,-1,deferred,deferred after 6 rounds of mitigation; grey gradient background; user later accepted a grey-gradient ComfyUI image as deliberate exception,scenery_backdrop,issue#16 body
cave-scorpion,,redo,swirling white smoke haze filling frame instead of black field,scenery_backdrop,tools/generate-token-art.mjs STYLE/NEGATIVE comments @6e8231e
abbot-of-abadar,1,redo,matching ornate gold pillars either side of figure,scenery_backdrop,tools/generate-token-art.mjs STYLE/NEGATIVE comments @6e8231e
acolyte-of-nethys,1,redo,matching ornate gold pillars either side of figure,scenery_backdrop,tools/generate-token-art.mjs STYLE/NEGATIVE comments @6e8231e
caligni-dancer,1,redo,mirrored candelabra/urns flanking figure,scenery_backdrop,tools/generate-token-art.mjs STYLE/NEGATIVE comments @6e8231e
grig,1,redo,"4 rounds: combined halo, monochrome, and wrong-body-plan failures",halo_or_disc;wrong_details,issue#16 body
naiad,1,deferred,deferred after 4 rounds (reason not stated); resolved cleanly on later natural retry (L1 chunk 4 comment says still failing after first retry then resolved),unknown,issue#16 body ; https://github.com/cory-johannsen/foundry-pf2e-dungeon-crawl/issues/16#issuecomment-5768254990 ; https://github.com/cory-johannsen/foundry-pf2e-dungeon-crawl/issues/16#issuecomment-5768255022
shade-axis,1,deferred,deferred after 4 rounds (reason not stated); resolved on natural retry,unknown,issue#16 body ; https://github.com/cory-johannsen/foundry-pf2e-dungeon-crawl/issues/16#issuecomment-5768255022
suli-dune-dancer,1,deferred,deferred after 4 redo rounds: persistent desert-dune landscape drift; resolved 2026-09-27 in L15 chunk 1 (PR #222),scenery_backdrop,https://github.com/cory-johannsen/foundry-pf2e-dungeon-crawl/issues/16#issuecomment-5768255022 ; git:68ac816
deinonychus,2,prompt_fixed,only creature in L2 chunk 1 needing a real prompt rewrite (reason not stated),unknown,https://github.com/cory-johannsen/foundry-pf2e-dungeon-crawl/issues/16#issuecomment-5768255059
ittan-momen,2,prompt_fixed,kept generating a human warrior instead of bodiless floating cloth yokai,wrong_subject,https://github.com/cory-johannsen/foundry-pf2e-dungeon-crawl/issues/16#issuecomment-5768255101
mudwretch,2,prompt_fixed,kept generating a full water-pool ground scene instead of plain black backdrop,scenery_backdrop,https://github.com/cory-johannsen/foundry-pf2e-dungeon-crawl/issues/16#issuecomment-5768255101
rokurokubi,2,prompt_fixed,"""cursed woman"" prompt produced explicit nudity twice; fixed with modest-clothing framing",nudity_or_clothing,https://github.com/cory-johannsen/foundry-pf2e-dungeon-crawl/issues/16#issuecomment-5768255128
slothspawn,2,prompt_fixed,kept generating literal sloth-headed businessman instead of shared sinspawn aberration body plan,hybrid_anatomy;wrong_subject,https://github.com/cory-johannsen/foundry-pf2e-dungeon-crawl/issues/16#issuecomment-5768255128
soulbound-doll-cruel,2,redo,diptych: two side-by-side renders of the subject (two heads for the serpentfolk),unknown,https://github.com/cory-johannsen/foundry-pf2e-dungeon-crawl/issues/16#issuecomment-5768255128 ; https://github.com/cory-johannsen/foundry-pf2e-dungeon-crawl/issues/16#issuecomment-5768255161
soulbound-doll-true-neutral,2,redo,diptych: two side-by-side renders of the subject (two heads for the serpentfolk),unknown,https://github.com/cory-johannsen/foundry-pf2e-dungeon-crawl/issues/16#issuecomment-5768255128 ; https://github.com/cory-johannsen/foundry-pf2e-dungeon-crawl/issues/16#issuecomment-5768255161
zyss-serpentfolk,2,redo,diptych: two side-by-side renders of the subject (two heads for the serpentfolk),unknown,https://github.com/cory-johannsen/foundry-pf2e-dungeon-crawl/issues/16#issuecomment-5768255128 ; https://github.com/cory-johannsen/foundry-pf2e-dungeon-crawl/issues/16#issuecomment-5768255161
soulbound-doll-sassy,2,redo,jeweled frame corners,unknown,tools/generate-token-art.mjs STYLE/NEGATIVE comments @6e8231e
soulbound-doll-chaotic-good,2,redo,purple/lavender colored backdrop,scenery_backdrop,tools/generate-token-art.mjs STYLE/NEGATIVE comments @6e8231e
giant-eagle,,redo,gold corner flourishes,unknown,tools/generate-token-art.mjs STYLE/NEGATIVE comments @6e8231e
musketeer,,redo,oval medallion and maroon/gold colored backdrop,scenery_backdrop,tools/generate-token-art.mjs STYLE/NEGATIVE comments @6e8231e
web-lurker,,redo,red/orange colored backdrop,scenery_backdrop,tools/generate-token-art.mjs STYLE/NEGATIVE comments @6e8231e
pegasus,,redo,grass wisps at hooves (ground under full-body subject),scenery_backdrop,tools/generate-token-art.mjs STYLE/NEGATIVE comments @6e8231e
triton,,redo,half-submerged in full ocean scene,scenery_backdrop,tools/generate-token-art.mjs STYLE/NEGATIVE comments @6e8231e
river-drake,,redo,half-submerged in full ocean scene,scenery_backdrop,tools/generate-token-art.mjs STYLE/NEGATIVE comments @6e8231e
giant-seahorse,,redo,half-submerged in full ocean scene,scenery_backdrop,tools/generate-token-art.mjs STYLE/NEGATIVE comments @6e8231e
dvorovoi,3,prompt_fixed,"prompt kept generating full farmstead village scene (cottage, barn, animals, trees)",scenery_backdrop,https://github.com/cory-johannsen/foundry-pf2e-dungeon-crawl/issues/16#issuecomment-5768255188
pachycephalosaurus,3,redo,"4 full redo rounds: monochrome sketch in grassy field, then photorealistic 3D render behind striped background",scenery_backdrop;unknown,https://github.com/cory-johannsen/foundry-pf2e-dungeon-crawl/issues/16#issuecomment-5768255215
tattoo-guardian,3,deferred,"deferred after 4 rounds/16 attempts, each drifting to a different elaborate scene; resolved first try after rewriting as physical construct (L3 chunk 4)",scenery_backdrop,https://github.com/cory-johannsen/foundry-pf2e-dungeon-crawl/issues/16#issuecomment-5768255244 ; https://github.com/cory-johannsen/foundry-pf2e-dungeon-crawl/issues/16#issuecomment-5768255272
living-graffiti-blood,3,deferred,deferred after 3 rounds/12 attempts: wall-backdrop drift (chalk/ink/oil siblings passed); resolved manually via Gemini,scenery_backdrop,https://github.com/cory-johannsen/foundry-pf2e-dungeon-crawl/issues/16#issuecomment-5768255272
barghest-mc,4,deferred,"deferred after 3 rounds + transparency attempt, all landing on dark-forest scene",scenery_backdrop,https://github.com/cory-johannsen/foundry-pf2e-dungeon-crawl/issues/16#issuecomment-5768255310
earthen-destrier,4,prompt_fixed,"""fused with a rough-hewn rocky knight"" literally described the rider figure that kept appearing on its back",wrong_subject,https://github.com/cory-johannsen/foundry-pf2e-dungeon-crawl/issues/16#issuecomment-5768255310
hobgoblin-archer,4,deferred,deferred after 3 rounds in chunk 2a (reason not stated); resolved cleanly on retry in chunk 2b,unknown,issue#16 body
sea-devil-brute,4,redo,"own ""dark green-grey"" skin description bled into flat green background",scenery_backdrop,https://github.com/cory-johannsen/foundry-pf2e-dungeon-crawl/issues/16#issuecomment-5770151889
janni,4,redo,large solid orange disc behind subject,halo_or_disc,https://github.com/cory-johannsen/foundry-pf2e-dungeon-crawl/issues/16#issuecomment-5770151889
kasa-obake,4,redo,swirling vortex/spiral pattern filling frame (shapeless entry),scenery_backdrop,https://github.com/cory-johannsen/foundry-pf2e-dungeon-crawl/issues/16#issuecomment-5770151889
trained-bat,4,redo,swirling vortex/spiral pattern filling frame (shapeless entry),scenery_backdrop,https://github.com/cory-johannsen/foundry-pf2e-dungeon-crawl/issues/16#issuecomment-5770151889
shae,4,deferred,"deferred after 3 rounds (chunk 2b): whole subject rendered pale/white instead of dark smoke, plus vortex; resolved on retry with rewritten prompt",wrong_details,https://github.com/cory-johannsen/foundry-pf2e-dungeon-crawl/issues/16#issuecomment-5770151889 ; https://github.com/cory-johannsen/foundry-pf2e-dungeon-crawl/issues/16#issuecomment-5770297519 ; https://github.com/cory-johannsen/foundry-pf2e-dungeon-crawl/issues/16#issuecomment-5770795724
standard-bearer,4,prompt_fixed,reliably drew real-world American flag and modern dress uniform,wrong_details,https://github.com/cory-johannsen/foundry-pf2e-dungeon-crawl/issues/16#issuecomment-5770151889
terror-shrike,4,deferred,"deferred after 3 rounds: ""perched"" framing pulled in tree-branch backdrop; salvage left grey artifact block in corner that passed the numeric checker; resolved on retry",scenery_backdrop;bg_patch,https://github.com/cory-johannsen/foundry-pf2e-dungeon-crawl/issues/16#issuecomment-5770297519 ; https://github.com/cory-johannsen/foundry-pf2e-dungeon-crawl/issues/16#issuecomment-5770795724
shadow-spawn,4,redo,smoke bleed/backdrop (recovered round 2),scenery_backdrop,https://github.com/cory-johannsen/foundry-pf2e-dungeon-crawl/issues/16#issuecomment-5770151889 ; https://github.com/cory-johannsen/foundry-pf2e-dungeon-crawl/issues/16#issuecomment-5770297519
peryton,4,redo,"flagged in chunk 2b, recovered round 2 (reason not stated)",unknown,https://github.com/cory-johannsen/foundry-pf2e-dungeon-crawl/issues/16#issuecomment-5770297519
huldra,4,deferred,deferred after 3 rounds: persistent white/starfield-sky background; resolved manually via Gemini (needed tighter crop),scenery_backdrop,https://github.com/cory-johannsen/foundry-pf2e-dungeon-crawl/issues/16#issuecomment-5770795724 ; git:fcd94a6
phantom-knight,4,deferred,deferred after 3 rounds: persistent white/starfield-sky background; resolved manually via Gemini,scenery_backdrop,https://github.com/cory-johannsen/foundry-pf2e-dungeon-crawl/issues/16#issuecomment-5770795724 ; git:fcd94a6
korred,4,redo,first redo fully monochrome but passed the background checker,unknown,https://github.com/cory-johannsen/foundry-pf2e-dungeon-crawl/issues/16#issuecomment-5770795724
forest-troll,5,deferred,"deferred after 3 rounds + 4 salvage attempts: ""lurking among trees"" pulled in birch-forest backdrop even after prompt rewrites; resolved on retry in chunk 2",scenery_backdrop,https://github.com/cory-johannsen/foundry-pf2e-dungeon-crawl/issues/16#issuecomment-5771978402 ; https://github.com/cory-johannsen/foundry-pf2e-dungeon-crawl/issues/16#issuecomment-5782729061
cloaker,5,prompt_fixed,drew legged winged dragon-demon instead of flat manta-ray-like aberration despite avoid:wings,wrong_subject,https://github.com/cory-johannsen/foundry-pf2e-dungeon-crawl/issues/16#issuecomment-5771978402
bog-mummy,5,prompt_fixed,"""matted reeds clinging"" invited a whole reed field",scenery_backdrop,https://github.com/cory-johannsen/foundry-pf2e-dungeon-crawl/issues/16#issuecomment-5771978402
globster,5,prompt_fixed,"""half-buried in wet sand"" produced beach scene",scenery_backdrop,https://github.com/cory-johannsen/foundry-pf2e-dungeon-crawl/issues/16#issuecomment-5771978402
hippopotamus,5,prompt_fixed,"""dripping wet from a riverbank"" produced full monochrome moonlit night scene",scenery_backdrop;unknown,https://github.com/cory-johannsen/foundry-pf2e-dungeon-crawl/issues/16#issuecomment-5771978402
orca,5,prompt_fixed,"""black-and-white marine animal"" read as render style: uncolored woodcut every time",unknown,https://github.com/cory-johannsen/foundry-pf2e-dungeon-crawl/issues/16#issuecomment-5782729061
polar-bear,5,redo,fully uncolored outline art (white fur also trips brightness checker),unknown,tools/generate-token-art.mjs NEGATIVE comment @6e8231e ; https://github.com/cory-johannsen/foundry-pf2e-dungeon-crawl/issues/16#issuecomment-5782729061
skaveling,5,redo,literal half-black/half-white split background,bg_patch,https://github.com/cory-johannsen/foundry-pf2e-dungeon-crawl/issues/16#issuecomment-5782729061
living-whirlwind,5,deferred,"deferred after 3-4 rounds, same failure every time: dust-storm scene; swirling-funnel concept resists plain black backdrop; resolved manually via Gemini",scenery_backdrop,https://github.com/cory-johannsen/foundry-pf2e-dungeon-crawl/issues/16#issuecomment-5782729061 ; https://github.com/cory-johannsen/foundry-pf2e-dungeon-crawl/issues/16#issuecomment-5783869796 ; https://github.com/cory-johannsen/foundry-pf2e-dungeon-crawl/issues/16#issuecomment-5784689171
kodama,5,deferred,"deferred after 3-4 rounds, same failure every time: forest floor; resolved manually via Gemini",scenery_backdrop,https://github.com/cory-johannsen/foundry-pf2e-dungeon-crawl/issues/16#issuecomment-5782729061 ; https://github.com/cory-johannsen/foundry-pf2e-dungeon-crawl/issues/16#issuecomment-5783869796 ; https://github.com/cory-johannsen/foundry-pf2e-dungeon-crawl/issues/16#issuecomment-5784689171
mountaineer,5,deferred,"deferred after 3-4 rounds, same failure every time: mountain range; resolved manually via Gemini",scenery_backdrop,https://github.com/cory-johannsen/foundry-pf2e-dungeon-crawl/issues/16#issuecomment-5782729061 ; https://github.com/cory-johannsen/foundry-pf2e-dungeon-crawl/issues/16#issuecomment-5783869796 ; https://github.com/cory-johannsen/foundry-pf2e-dungeon-crawl/issues/16#issuecomment-5784689171
namorrodor,5,deferred,"deferred after 3-4 rounds, same failure every time: rocky terrain; resolved manually via Gemini",scenery_backdrop,https://github.com/cory-johannsen/foundry-pf2e-dungeon-crawl/issues/16#issuecomment-5782729061 ; https://github.com/cory-johannsen/foundry-pf2e-dungeon-crawl/issues/16#issuecomment-5783869796 ; https://github.com/cory-johannsen/foundry-pf2e-dungeon-crawl/issues/16#issuecomment-5784689171
caligni-caller,6,redo,literal half-black/half-white split-panel background,bg_patch,https://github.com/cory-johannsen/foundry-pf2e-dungeon-crawl/issues/16#issuecomment-5785915001
cave-bear,6,redo,fully grayscale render twice despite explicit color instruction,unknown,https://github.com/cory-johannsen/foundry-pf2e-dungeon-crawl/issues/16#issuecomment-5785915001
drider,6,deferred,deferred after 5 total attempts (3 chunks): white halo/vortex glow behind figure every time; resolved on first manual Gemini attempt,halo_or_disc,https://github.com/cory-johannsen/foundry-pf2e-dungeon-crawl/issues/16#issuecomment-5787400458 ; https://github.com/cory-johannsen/foundry-pf2e-dungeon-crawl/issues/16#issuecomment-5788151861 ; https://github.com/cory-johannsen/foundry-pf2e-dungeon-crawl/issues/16#issuecomment-5803293906
gadgeteer,6,redo,fully monochrome/grayscale across multiple rounds despite explicit full-color terms,unknown,https://github.com/cory-johannsen/foundry-pf2e-dungeon-crawl/issues/16#issuecomment-5787400458
evangelist,6,redo,fully monochrome/grayscale across multiple rounds despite explicit full-color terms,unknown,https://github.com/cory-johannsen/foundry-pf2e-dungeon-crawl/issues/16#issuecomment-5787400458
chouchin-obake,6,redo,first attempt used literal parchment/aged-paper texture,unknown,https://github.com/cory-johannsen/foundry-pf2e-dungeon-crawl/issues/16#issuecomment-5787400458
halfling-smuggler,6,redo,white/uncolored ink-wash line art on first attempt,unknown,https://github.com/cory-johannsen/foundry-pf2e-dungeon-crawl/issues/16#issuecomment-5788151861
hobgoblin-general,6,redo,white/uncolored ink-wash line art on first attempt,unknown,https://github.com/cory-johannsen/foundry-pf2e-dungeon-crawl/issues/16#issuecomment-5788151861
jungle-drake,6,redo,white/uncolored ink-wash line art on first attempt,unknown,https://github.com/cory-johannsen/foundry-pf2e-dungeon-crawl/issues/16#issuecomment-5788151861
legbreaker,6,redo,white/uncolored ink-wash line art on first attempt,unknown,https://github.com/cory-johannsen/foundry-pf2e-dungeon-crawl/issues/16#issuecomment-5788151861
manticore-scorpion-tail,6,redo,white/uncolored ink-wash line art on first attempt,unknown,https://github.com/cory-johannsen/foundry-pf2e-dungeon-crawl/issues/16#issuecomment-5788151861
iguanodon,6,redo,uncolored line art after 2 rounds; needed per-entry full-color fix,unknown,https://github.com/cory-johannsen/foundry-pf2e-dungeon-crawl/issues/16#issuecomment-5788151861
smilodon,6,deferred,"deferred after 3 rounds + 2 salvage attempts: white/grey studio backdrop every time (no scenery language in prompt); manual Gemini came back white bg, salvaged",scenery_backdrop,https://github.com/cory-johannsen/foundry-pf2e-dungeon-crawl/issues/16#issuecomment-5789166309 ; https://github.com/cory-johannsen/foundry-pf2e-dungeon-crawl/issues/16#issuecomment-5803293906
wood-giant,6,deferred,deferred after 3 rounds: full white forest scene and monochrome drift; resolved manually via Gemini,scenery_backdrop;unknown,https://github.com/cory-johannsen/foundry-pf2e-dungeon-crawl/issues/16#issuecomment-5789774826 ; https://github.com/cory-johannsen/foundry-pf2e-dungeon-crawl/issues/16#issuecomment-5803293906
ahuizotl,6,deferred,deferred after 3 rounds: swampy forest scene even after explicit isolation language; resolved manually via Gemini,scenery_backdrop,https://github.com/cory-johannsen/foundry-pf2e-dungeon-crawl/issues/16#issuecomment-5789774826 ; https://github.com/cory-johannsen/foundry-pf2e-dungeon-crawl/issues/16#issuecomment-5803293906
wraith,6,prompt_fixed,"""dissolving into drifting darkness... cold pale light"" produced fully white nearly formless shape instead of shadowy figure (dark subject rendered pale)",wrong_details,https://github.com/cory-johannsen/foundry-pf2e-dungeon-crawl/issues/16#issuecomment-5789774826
mi-go,6,redo,"solid yellow disc backdrop; passed automated checker, caught by eye",halo_or_disc,https://github.com/cory-johannsen/foundry-pf2e-dungeon-crawl/issues/16#issuecomment-5790480337
champion-of-shelyn,7,deferred,deferred after 2 rounds/8 attempts: converged on flat grey backdrop; converged on first manual Gemini attempt,scenery_backdrop,https://github.com/cory-johannsen/foundry-pf2e-dungeon-crawl/issues/16#issuecomment-5791209633 ; https://github.com/cory-johannsen/foundry-pf2e-dungeon-crawl/issues/16#issuecomment-5803293906
allosaurus,7,prompt_fixed,"scenery-implying prompt phrase: ""on the hunt"" scenery implication",scenery_backdrop,https://github.com/cory-johannsen/foundry-pf2e-dungeon-crawl/issues/16#issuecomment-5791209633
brass-dragon-young,7,prompt_fixed,"scenery-implying prompt phrase: ""perched on desert rock""",scenery_backdrop,https://github.com/cory-johannsen/foundry-pf2e-dungeon-crawl/issues/16#issuecomment-5791209633
chuul,7,prompt_fixed,"scenery-implying prompt phrase: ""half-submerged"" scenery implication",scenery_backdrop,https://github.com/cory-johannsen/foundry-pf2e-dungeon-crawl/issues/16#issuecomment-5791209633
departmental-chair,7,redo,full bookshelf,scenery_backdrop,https://github.com/cory-johannsen/foundry-pf2e-dungeon-crawl/issues/16#issuecomment-5791823165
elephant,7,redo,ground/grass,scenery_backdrop,https://github.com/cory-johannsen/foundry-pf2e-dungeon-crawl/issues/16#issuecomment-5791823165
elasmosaurus,7,redo,underwater night scene,scenery_backdrop,https://github.com/cory-johannsen/foundry-pf2e-dungeon-crawl/issues/16#issuecomment-5791823165
empress-mage-eater-worm,7,redo,desert sunset,scenery_backdrop,https://github.com/cory-johannsen/foundry-pf2e-dungeon-crawl/issues/16#issuecomment-5791823165
fleshwarper,7,redo,scenery; then wrong subject: multi-panel zombie/organ concept sheet instead of living surgeon,scenery_backdrop;wrong_subject,https://github.com/cory-johannsen/foundry-pf2e-dungeon-crawl/issues/16#issuecomment-5791823165
hunter,7,redo,forest; second round converged on white snow-camo clothing,scenery_backdrop,https://github.com/cory-johannsen/foundry-pf2e-dungeon-crawl/issues/16#issuecomment-5792729040
hill-giant,7,redo,red forest,scenery_backdrop,https://github.com/cory-johannsen/foundry-pf2e-dungeon-crawl/issues/16#issuecomment-5792729040
levaloch,7,redo,ruined-city/lava,scenery_backdrop,https://github.com/cory-johannsen/foundry-pf2e-dungeon-crawl/issues/16#issuecomment-5792729040
kholo-outrider,7,redo,picture-frame margin,unknown,https://github.com/cory-johannsen/foundry-pf2e-dungeon-crawl/issues/16#issuecomment-5792729040
kanya,7,redo,white-background isolation failure,scenery_backdrop,https://github.com/cory-johannsen/foundry-pf2e-dungeon-crawl/issues/16#issuecomment-5792729040
greater-shadow,7,redo,"monochrome ink-sketch render (fixed with solid black shadow phrasing, as wraith)",unknown,https://github.com/cory-johannsen/foundry-pf2e-dungeon-crawl/issues/16#issuecomment-5792729040
master-of-disguise,7,redo,makeup shop scenery,scenery_backdrop,https://github.com/cory-johannsen/foundry-pf2e-dungeon-crawl/issues/16#issuecomment-5793643960
megalania,7,redo,sunset desert scenery,scenery_backdrop,https://github.com/cory-johannsen/foundry-pf2e-dungeon-crawl/issues/16#issuecomment-5793643960
praskith,7,redo,rendered as decorative mushroom clip art instead of single monstrous predator,wrong_subject,https://github.com/cory-johannsen/foundry-pf2e-dungeon-crawl/issues/16#issuecomment-5793643960
pukwudgie,7,redo,garbled/fragmented composition,unknown,https://github.com/cory-johannsen/foundry-pf2e-dungeon-crawl/issues/16#issuecomment-5793643960
quetzalcoatlus,7,redo,mountain vista,scenery_backdrop,https://github.com/cory-johannsen/foundry-pf2e-dungeon-crawl/issues/16#issuecomment-5794484087
stegosaurus,7,redo,rocky backdrop,scenery_backdrop,https://github.com/cory-johannsen/foundry-pf2e-dungeon-crawl/issues/16#issuecomment-5794484087
therapeutic-healer,7,redo,picture-frame margin,unknown,https://github.com/cory-johannsen/foundry-pf2e-dungeon-crawl/issues/16#issuecomment-5794484087
specter,7,redo,abstract paint-splatter render,halo_or_disc,https://github.com/cory-johannsen/foundry-pf2e-dungeon-crawl/issues/16#issuecomment-5794484087
tendriculos,7,redo,rendered as decorative forest mushroom clip art (same as praskith),wrong_subject,https://github.com/cory-johannsen/foundry-pf2e-dungeon-crawl/issues/16#issuecomment-5794484087
tupilaq,7,redo,rendered as decorative multi-creature specimen-chart border instead of single bone construct,wrong_subject,https://github.com/cory-johannsen/foundry-pf2e-dungeon-crawl/issues/16#issuecomment-5794484087
culdewen,7,redo,scenery/backdrop violation,scenery_backdrop,https://github.com/cory-johannsen/foundry-pf2e-dungeon-crawl/issues/16#issuecomment-5795319217
manticore-paaridar,7,redo,scenery/backdrop violation,scenery_backdrop,https://github.com/cory-johannsen/foundry-pf2e-dungeon-crawl/issues/16#issuecomment-5795319217
naiad-queen,7,redo,scenery/backdrop violation,scenery_backdrop,https://github.com/cory-johannsen/foundry-pf2e-dungeon-crawl/issues/16#issuecomment-5795319217
drainberry-bush,7,prompt_fixed,"sticker-style white halo survives salvage; traced to prompt requesting ""faint white glow of stored vitality energy""",halo_or_disc,https://github.com/cory-johannsen/foundry-pf2e-dungeon-crawl/issues/16#issuecomment-5795319217
greater-barghest,7,redo,white sticker halo; fix converged on monochrome uncolored line art in round 2,halo_or_disc;unknown,https://github.com/cory-johannsen/foundry-pf2e-dungeon-crawl/issues/16#issuecomment-5795319217
whisper-dragon-young-spellcaster,7,redo,sticker-style white halo,halo_or_disc,https://github.com/cory-johannsen/foundry-pf2e-dungeon-crawl/issues/16#issuecomment-5795319217
kirin,7,redo,wispy/flame trailing edges leave disconnected white background gaps salvage cannot reach,bg_patch,https://github.com/cory-johannsen/foundry-pf2e-dungeon-crawl/issues/16#issuecomment-5796393869
remorhaz,7,redo,wispy/flame trailing edges leave disconnected white background gaps salvage cannot reach,bg_patch,https://github.com/cory-johannsen/foundry-pf2e-dungeon-crawl/issues/16#issuecomment-5796393869
soul-eater,7,redo,wispy/flame trailing edges leave disconnected white background gaps salvage cannot reach,bg_patch,https://github.com/cory-johannsen/foundry-pf2e-dungeon-crawl/issues/16#issuecomment-5796393869
crossroads-guardian,7,redo,wispy/flame trailing edges leave disconnected white background gaps salvage cannot reach; also abstract-inkblot wrong subject,bg_patch;wrong_subject,https://github.com/cory-johannsen/foundry-pf2e-dungeon-crawl/issues/16#issuecomment-5796393869
sceaduinar,7,redo,wispy-edge gaps; fix then converged on monochrome uncolored line art,bg_patch;unknown,https://github.com/cory-johannsen/foundry-pf2e-dungeon-crawl/issues/16#issuecomment-5796393869
succubus,7,redo,wispy-edge gaps; fix then converged on monochrome uncolored line art,bg_patch;unknown,https://github.com/cory-johannsen/foundry-pf2e-dungeon-crawl/issues/16#issuecomment-5796393869
angazhani,8,redo,jungle scenery,scenery_backdrop,https://github.com/cory-johannsen/foundry-pf2e-dungeon-crawl/issues/16#issuecomment-5797688583
bulette,8,redo,desert scenery,scenery_backdrop,https://github.com/cory-johannsen/foundry-pf2e-dungeon-crawl/issues/16#issuecomment-5797688583
blood-hag,8,prompt_fixed,"flame backdrop traced to prompt phrase ""flame licking at her fingertips""",scenery_backdrop,https://github.com/cory-johannsen/foundry-pf2e-dungeon-crawl/issues/16#issuecomment-5797688583
anancus,8,redo,monochrome line art,unknown,https://github.com/cory-johannsen/foundry-pf2e-dungeon-crawl/issues/16#issuecomment-5797688583
copper-dragon-young-spellcaster,8,redo,monochrome line art,unknown,https://github.com/cory-johannsen/foundry-pf2e-dungeon-crawl/issues/16#issuecomment-5797688583
desert-drake,8,redo,dune/rocks scenery,scenery_backdrop,https://github.com/cory-johannsen/foundry-pf2e-dungeon-crawl/issues/16#issuecomment-5798491577
destrachan,8,redo,salvage-resistant wispy-edge/decorative-border gaps,bg_patch,https://github.com/cory-johannsen/foundry-pf2e-dungeon-crawl/issues/16#issuecomment-5798491577
giant-octopus,8,redo,circular plate-design backdrop,halo_or_disc,https://github.com/cory-johannsen/foundry-pf2e-dungeon-crawl/issues/16#issuecomment-5798491577
megaprimatus,8,redo,city skyline,scenery_backdrop,https://github.com/cory-johannsen/foundry-pf2e-dungeon-crawl/issues/16#issuecomment-5800211674
horned-dragon-young,8,redo,monochrome line art,unknown,https://github.com/cory-johannsen/foundry-pf2e-dungeon-crawl/issues/16#issuecomment-5800211674
horned-dragon-young-spellcaster,8,redo,monochrome line art,unknown,https://github.com/cory-johannsen/foundry-pf2e-dungeon-crawl/issues/16#issuecomment-5800211674
hobgoblin-vanguard,8,redo,monochrome line art,unknown,https://github.com/cory-johannsen/foundry-pf2e-dungeon-crawl/issues/16#issuecomment-5800211674
lamia-matriarch,8,redo,stone archway/decorative frame,unknown,https://github.com/cory-johannsen/foundry-pf2e-dungeon-crawl/issues/16#issuecomment-5800211674
kishi,8,redo,floating extra heads and a red disc,wrong_subject;halo_or_disc,https://github.com/cory-johannsen/foundry-pf2e-dungeon-crawl/issues/16#issuecomment-5800211674
lucky-courser,8,redo,wispy-edge artifacts,bg_patch,https://github.com/cory-johannsen/foundry-pf2e-dungeon-crawl/issues/16#issuecomment-5800211674
marsh-giant,8,redo,wispy-edge artifacts,bg_patch,https://github.com/cory-johannsen/foundry-pf2e-dungeon-crawl/issues/16#issuecomment-5800211674
nabasu,8,deferred,deferred after 3 rounds: converged on pale/desaturated color despite two rounds of full-color reinforcement; resolved manually via Gemini,wrong_details,https://github.com/cory-johannsen/foundry-pf2e-dungeon-crawl/issues/16#issuecomment-5800211674 ; https://github.com/cory-johannsen/foundry-pf2e-dungeon-crawl/issues/16#issuecomment-5803293906
sarglagon,8,redo,monochrome line art,unknown,https://github.com/cory-johannsen/foundry-pf2e-dungeon-crawl/issues/16#issuecomment-5801346326
ankhrav-hive-mother,8,redo,desert scenery,scenery_backdrop,https://github.com/cory-johannsen/foundry-pf2e-dungeon-crawl/issues/16#issuecomment-5801346326
stone-giant,8,redo,mist,scenery_backdrop,https://github.com/cory-johannsen/foundry-pf2e-dungeon-crawl/issues/16#issuecomment-5801346326
triceratops,8,redo,sketch panel,unknown,https://github.com/cory-johannsen/foundry-pf2e-dungeon-crawl/issues/16#issuecomment-5801346326
skin-shifter,8,redo,salvage-resistant colored-backdrop artifacts,scenery_backdrop;bg_patch,https://github.com/cory-johannsen/foundry-pf2e-dungeon-crawl/issues/16#issuecomment-5801346326
woolly-wrangler,8,redo,salvage-resistant colored-backdrop artifacts,scenery_backdrop;bg_patch,https://github.com/cory-johannsen/foundry-pf2e-dungeon-crawl/issues/16#issuecomment-5801346326
charnel-creation,8,redo,monochrome line art,unknown,https://github.com/cory-johannsen/foundry-pf2e-dungeon-crawl/issues/16#issuecomment-5802082062
nosferatu-thrall,8,redo,extra floating decorative duplicate-head elements flanking main figure,unknown,https://github.com/cory-johannsen/foundry-pf2e-dungeon-crawl/issues/16#issuecomment-5802576919
living-graffiti-blood,3,gemini_after_failure,ComfyUI pipeline gave up after repeated redo rounds (see deferred row); regenerated via manual Gemini/nano-banana browser,unknown,git:25b2be0 ; https://github.com/cory-johannsen/foundry-pf2e-dungeon-crawl/issues/16#issuecomment-5803293906
huldra,4,gemini_after_failure,ComfyUI pipeline gave up after repeated redo rounds (see deferred row); regenerated via manual Gemini/nano-banana browser - needed tighter crop,unknown,git:25b2be0 ; https://github.com/cory-johannsen/foundry-pf2e-dungeon-crawl/issues/16#issuecomment-5803293906
phantom-knight,4,gemini_after_failure,ComfyUI pipeline gave up after repeated redo rounds (see deferred row); regenerated via manual Gemini/nano-banana browser,unknown,git:25b2be0 ; https://github.com/cory-johannsen/foundry-pf2e-dungeon-crawl/issues/16#issuecomment-5803293906
kodama,5,gemini_after_failure,ComfyUI pipeline gave up after repeated redo rounds (see deferred row); regenerated via manual Gemini/nano-banana browser,unknown,git:25b2be0 ; https://github.com/cory-johannsen/foundry-pf2e-dungeon-crawl/issues/16#issuecomment-5803293906
living-whirlwind,5,gemini_after_failure,ComfyUI pipeline gave up after repeated redo rounds (see deferred row); regenerated via manual Gemini/nano-banana browser,unknown,git:25b2be0 ; https://github.com/cory-johannsen/foundry-pf2e-dungeon-crawl/issues/16#issuecomment-5803293906
mountaineer,5,gemini_after_failure,ComfyUI pipeline gave up after repeated redo rounds (see deferred row); regenerated via manual Gemini/nano-banana browser,unknown,git:25b2be0 ; https://github.com/cory-johannsen/foundry-pf2e-dungeon-crawl/issues/16#issuecomment-5803293906
namorrodor,5,gemini_after_failure,ComfyUI pipeline gave up after repeated redo rounds (see deferred row); regenerated via manual Gemini/nano-banana browser,unknown,git:25b2be0 ; https://github.com/cory-johannsen/foundry-pf2e-dungeon-crawl/issues/16#issuecomment-5803293906
drider,6,gemini_after_failure,ComfyUI pipeline gave up after repeated redo rounds (see deferred row); regenerated via manual Gemini/nano-banana browser,unknown,git:25b2be0 ; https://github.com/cory-johannsen/foundry-pf2e-dungeon-crawl/issues/16#issuecomment-5803293906
smilodon,6,gemini_after_failure,ComfyUI pipeline gave up after repeated redo rounds (see deferred row); regenerated via manual Gemini/nano-banana browser - needed salvage (white bg),unknown,git:25b2be0 ; https://github.com/cory-johannsen/foundry-pf2e-dungeon-crawl/issues/16#issuecomment-5803293906
wood-giant,6,gemini_after_failure,ComfyUI pipeline gave up after repeated redo rounds (see deferred row); regenerated via manual Gemini/nano-banana browser,unknown,git:25b2be0 ; https://github.com/cory-johannsen/foundry-pf2e-dungeon-crawl/issues/16#issuecomment-5803293906
ahuizotl,6,gemini_after_failure,ComfyUI pipeline gave up after repeated redo rounds (see deferred row); regenerated via manual Gemini/nano-banana browser,unknown,git:25b2be0 ; https://github.com/cory-johannsen/foundry-pf2e-dungeon-crawl/issues/16#issuecomment-5803293906
champion-of-shelyn,7,gemini_after_failure,ComfyUI pipeline gave up after repeated redo rounds (see deferred row); regenerated via manual Gemini/nano-banana browser,unknown,git:25b2be0 ; https://github.com/cory-johannsen/foundry-pf2e-dungeon-crawl/issues/16#issuecomment-5803293906
nabasu,8,gemini_after_failure,ComfyUI pipeline gave up after repeated redo rounds (see deferred row); regenerated via manual Gemini/nano-banana browser,unknown,git:25b2be0 ; https://github.com/cory-johannsen/foundry-pf2e-dungeon-crawl/issues/16#issuecomment-5803293906
adamantine-dragon-young,9,redo,monochrome line art,unknown,https://github.com/cory-johannsen/foundry-pf2e-dungeon-crawl/issues/16#issuecomment-5803537441
baykok,9,redo,scenery/backdrop,scenery_backdrop,https://github.com/cory-johannsen/foundry-pf2e-dungeon-crawl/issues/16#issuecomment-5803537441
desert-giant,9,gemini_after_failure,3 automated rounds converged on desert-arch backdrop + pale washed-out skin; 3rd round done manually via Gemini,scenery_backdrop,git:fae4eeb
drakauthix,9,deferred,"failed 5 ComfyUI reroll rounds: full-scenery/full-body drift even after prompt rewrites (removed ""drifting through open cavern air"", ""wielding a massive weapon"")",scenery_backdrop;cropped,git:5656ff0
frost-giant,9,deferred,"failed 5 ComfyUI reroll rounds: full-scenery/full-body drift even after prompt rewrites (removed ""drifting through open cavern air"", ""wielding a massive weapon"")",scenery_backdrop;cropped,git:5656ff0
giant-snapping-turtle,9,deferred,failed 5 ComfyUI reroll rounds (same full-scenery/full-body drift),scenery_backdrop,git:a890325 ; https://github.com/cory-johannsen/foundry-pf2e-dungeon-crawl/issues/16#issuecomment-5837499154
drakauthix,9,gemini_after_failure,resolved on first manual Gemini attempt after 5 failed ComfyUI rounds,unknown,git:a890325
frost-giant,9,gemini_after_failure,resolved on first manual Gemini attempt after 5 failed ComfyUI rounds,unknown,git:a890325
giant-snapping-turtle,9,gemini_after_failure,resolved on first manual Gemini attempt after 5 failed ComfyUI rounds,unknown,git:a890325
garuda,9,redo,4 ComfyUI rerolls (scenery/full-body drift); accepted full-body rather than bust,scenery_backdrop;cropped,git:5656ff0
ifrit,9,redo,flame-backdrop flagged,scenery_backdrop,git:dc84790
irnakurse,9,redo,salvage left interior white patch,bg_patch;salvage_damage,git:dc84790
khravgodon,9,redo,split black/white background salvage did not touch; studio-gradient backdrop again; clean on 3rd attempt,bg_patch;scenery_backdrop,git:dc84790 ; git:199ce6e ; git:3b5d7d3
mastodon,9,deferred,full forest scene through 4 rounds; deferred to Gemini,scenery_backdrop,git:199ce6e ; git:3b5d7d3 ; git:ef6f9ed
mirage-dragon-young-spellcaster,9,redo,tan/sand background; decorative frame; wired at chunk 8,scenery_backdrop,git:199ce6e ; git:3b5d7d3
night-hag,9,redo,visible artist watermark; salvage keeps eating pale-robed subject; wired at chunk 8,salvage_damage,git:199ce6e ; git:3b5d7d3
nuckelavee,9,deferred,salvage ate through pale-fleshed subject; large white background the checker ring-sample keeps missing (dark-palette group),salvage_damage;bg_patch;dark_palette_bg_lightened,git:199ce6e ; git:3b5d7d3 ; https://github.com/cory-johannsen/foundry-pf2e-dungeon-crawl/issues/16#issuecomment-5848677534
roc,9,deferred,sky/cloud scenery; salvage damage (dark-palette group),scenery_backdrop;salvage_damage;dark_palette_bg_lightened,git:9d295e1 ; git:3b5d7d3 ; https://github.com/cory-johannsen/foundry-pf2e-dungeon-crawl/issues/16#issuecomment-5848677534
shoki,9,deferred,literal decorative frame + colored backdrop,scenery_backdrop,git:9d295e1 ; git:3b5d7d3
stone-mauler,9,deferred,full lava-cave / desert-canyon scene,scenery_backdrop,git:9d295e1 ; git:3b5d7d3
storm-lord,9,deferred,"fills entire frame with no black background, reads as weather photography (dark-palette group)",scenery_backdrop;dark_palette_bg_lightened,git:9d295e1 ; https://github.com/cory-johannsen/foundry-pf2e-dungeon-crawl/issues/16#issuecomment-5848677534
tidal-master,9,deferred,"full ocean-wave scene, no discernible creature subject",scenery_backdrop;wrong_subject,git:9d295e1
traveling-priest-of-desna,9,deferred,large moon/disc behind subject; solid blue background,halo_or_disc;scenery_backdrop,git:9d295e1 ; git:3b5d7d3
tyrannosaurus-skeleton,9,redo,sun/moon backdrop plus grass and water; visible rocky terrain; wired at chunk 8,scenery_backdrop,git:9d295e1 ; git:3b5d7d3
blue-dracolisk,9,redo,white/pale background salvage could not clear (subject own pale coloring won border-color sample); wired at chunk 8,bg_patch,git:3ee346e
clockwork-mage,9,redo,white/pale background salvage could not clear; wired at chunk 8,bg_patch,git:3ee346e
efreeti,9,redo,salvage over-cleared the flame effect leaving gaps; wired at chunk 8,salvage_damage,git:3ee346e
megalodon,9,deferred,full ocean scenery,scenery_backdrop,git:3ee346e ; git:ef6f9ed
mokele-mbembe,9,deferred,full jungle scenery,scenery_backdrop,git:3ee346e ; git:ef6f9ed
noxious-needler,9,redo,circular halo frame; wired at chunk 8,halo_or_disc,git:3ee346e
red-dracolisk,9,deferred,rocky perch remained under feet after salvage,bg_patch;scenery_backdrop,git:3ee346e ; git:ef6f9ed
strix-aerialist,9,deferred,background remnant/sunset-sky patch visible despite passing checker,bg_patch,git:2fd51ff ; git:ef6f9ed
vampire-mastermind,9,deferred,background remnant/sunset-sky patch visible despite passing checker (dark-palette group),bg_patch;dark_palette_bg_lightened,git:2fd51ff ; git:ef6f9ed ; https://github.com/cory-johannsen/foundry-pf2e-dungeon-crawl/issues/16#issuecomment-5848677534
white-dracolisk,9,redo,"tan backdrop, rock perch, visible signature; wired at chunk 8",scenery_backdrop,git:2fd51ff
yithian,9,deferred,"jagged waveform-pattern background remnant, still flagged after salvage",bg_patch,git:2fd51ff ; git:ef6f9ed
vrock,9,deferred,2 consecutive identical-pattern ComfyUI failures each (pattern not stated),unknown,https://github.com/cory-johannsen/foundry-pf2e-dungeon-crawl/issues/16#issuecomment-5848473609 ; git:53141d3
zelekhut,9,deferred,2 consecutive identical-pattern ComfyUI failures each (pattern not stated),unknown,https://github.com/cory-johannsen/foundry-pf2e-dungeon-crawl/issues/16#issuecomment-5848473609 ; git:53141d3
black-dracolisk,9,redo,"SDXL lightens background to grey/white for dark-palette subject; flat fill, salvaged (root-cause finding)",bg_patch;dark_palette_bg_lightened,git:3593c6d ; https://github.com/cory-johannsen/foundry-pf2e-dungeon-crawl/issues/16#issuecomment-5848677534
alchemical-golem,9,gemini_after_failure,"3rd ComfyUI attempt full illustrated moon/sunset scene; Gemini fallback shipped, later replaced by salvaged raw ComfyUI attempt",scenery_backdrop,git:3593c6d ; git:97da175
mastodon,9,gemini_after_failure,resolved via --backend=gemini (PR #182) after ComfyUI 3+ failures,unknown,git:53141d3 ; https://github.com/cory-johannsen/foundry-pf2e-dungeon-crawl/issues/16#issuecomment-5848677534
megalodon,9,gemini_after_failure,resolved via --backend=gemini (PR #182) after ComfyUI 3+ failures,unknown,git:53141d3 ; https://github.com/cory-johannsen/foundry-pf2e-dungeon-crawl/issues/16#issuecomment-5848677534
mokele-mbembe,9,gemini_after_failure,resolved via --backend=gemini (PR #182) after ComfyUI 3+ failures,unknown,git:53141d3 ; https://github.com/cory-johannsen/foundry-pf2e-dungeon-crawl/issues/16#issuecomment-5848677534
nuckelavee,9,gemini_after_failure,resolved via --backend=gemini (PR #182) after ComfyUI 3+ failures,unknown,git:53141d3 ; https://github.com/cory-johannsen/foundry-pf2e-dungeon-crawl/issues/16#issuecomment-5848677534
red-dracolisk,9,gemini_after_failure,resolved via --backend=gemini (PR #182) after ComfyUI 3+ failures,unknown,git:53141d3 ; https://github.com/cory-johannsen/foundry-pf2e-dungeon-crawl/issues/16#issuecomment-5848677534
roc,9,gemini_after_failure,resolved via --backend=gemini (PR #182) after ComfyUI 3+ failures,unknown,git:53141d3 ; https://github.com/cory-johannsen/foundry-pf2e-dungeon-crawl/issues/16#issuecomment-5848677534
shoki,9,gemini_after_failure,resolved via --backend=gemini (PR #182) after ComfyUI 3+ failures,unknown,git:53141d3 ; https://github.com/cory-johannsen/foundry-pf2e-dungeon-crawl/issues/16#issuecomment-5848677534
stone-mauler,9,gemini_after_failure,resolved via --backend=gemini (PR #182) after ComfyUI 3+ failures,unknown,git:53141d3 ; https://github.com/cory-johannsen/foundry-pf2e-dungeon-crawl/issues/16#issuecomment-5848677534
storm-lord,9,gemini_after_failure,resolved via --backend=gemini (PR #182) after ComfyUI 3+ failures,unknown,git:53141d3 ; https://github.com/cory-johannsen/foundry-pf2e-dungeon-crawl/issues/16#issuecomment-5848677534
strix-aerialist,9,gemini_after_failure,resolved via --backend=gemini (PR #182) after ComfyUI 3+ failures,unknown,git:53141d3 ; https://github.com/cory-johannsen/foundry-pf2e-dungeon-crawl/issues/16#issuecomment-5848677534
tidal-master,9,gemini_after_failure,resolved via --backend=gemini (PR #182) after ComfyUI 3+ failures,unknown,git:53141d3 ; https://github.com/cory-johannsen/foundry-pf2e-dungeon-crawl/issues/16#issuecomment-5848677534
traveling-priest-of-desna,9,gemini_after_failure,resolved via --backend=gemini (PR #182) after ComfyUI 3+ failures,unknown,git:53141d3 ; https://github.com/cory-johannsen/foundry-pf2e-dungeon-crawl/issues/16#issuecomment-5848677534
vampire-mastermind,9,gemini_after_failure,resolved via --backend=gemini (PR #182) after ComfyUI 3+ failures,unknown,git:53141d3 ; https://github.com/cory-johannsen/foundry-pf2e-dungeon-crawl/issues/16#issuecomment-5848677534
yithian,9,gemini_after_failure,resolved via --backend=gemini (PR #182) after ComfyUI 3+ failures,unknown,git:53141d3 ; https://github.com/cory-johannsen/foundry-pf2e-dungeon-crawl/issues/16#issuecomment-5848677534
vrock,9,gemini_after_failure,resolved via --backend=gemini (PR #182) after ComfyUI 3+ failures,unknown,git:53141d3 ; https://github.com/cory-johannsen/foundry-pf2e-dungeon-crawl/issues/16#issuecomment-5848677534
zelekhut,9,gemini_after_failure,resolved via --backend=gemini (PR #182) after ComfyUI 3+ failures,unknown,git:53141d3 ; https://github.com/cory-johannsen/foundry-pf2e-dungeon-crawl/issues/16#issuecomment-5848677534
beast-eidolon,10,redo,full scenery backdrop though checker score 43; later washed-out color / bad salvage damage; 3 rounds,scenery_backdrop;salvage_damage,git:23495cf ; git:d63de93
brontosaurus,10,redo,jungle backdrop though checker score 44; fixed by tight bust-portrait crop,scenery_backdrop,git:23495cf ; git:d63de93
cinder-dragon-young,10,redo,full illustrated scene: fire/flame filling frame,scenery_backdrop,git:23495cf ; git:d63de93
feathered-bear,10,redo,"full illustrated scene: fire/flame filling frame (score 39, scenery)",scenery_backdrop,git:23495cf ; git:d63de93
fire-giant,10,redo,full illustrated scene: fire/flame filling frame,scenery_backdrop,git:23495cf ; git:d63de93
empyreal-dragon-young,10,redo,"fire filling frame, then near-greyscale/monochrome drift; fixed with gold and amber color reinforcement",scenery_backdrop;unknown,git:23495cf ; git:d63de93 ; git:d401953
empyreal-dragon-young-spellcaster,10,redo,"fire filling frame, then near-greyscale/monochrome drift; fixed with gold and amber color reinforcement",scenery_backdrop;unknown,git:23495cf ; git:d63de93 ; git:d401953
fortune-dragon-young-spellcaster,10,redo,coins in a separate pile on visible ground rather than fused to hide,wrong_details;scenery_backdrop,git:411ed36
god-caller,10,redo,colored aura/splatter effect filling whole frame (checker score 40),halo_or_disc;scenery_backdrop,git:411ed36
graveknight,10,redo,colored aura/splatter effect filling whole frame (checker score 44 post-salvage),halo_or_disc;scenery_backdrop,git:411ed36
gug,10,redo,solid yellow disc behind it (checker score 8),halo_or_disc,git:411ed36
imentesh,10,gemini_after_failure,rendered as tiled wallpaper pattern of several snakes; 2nd ComfyUI attempt left opaque grey block; resolved via Gemini backend,wrong_subject;bg_patch,git:411ed36 ; git:a11628e
melody-on-the-wind-mc2,10,redo,opaque grey gradient band across middle (b2 sibling clean),bg_patch,git:411ed36
mobogo,10,gemini_after_failure,"ComfyUI: mud/ground under feet, then corrupted salvage; Gemini attempt came back solid opaque white; later a diagnostic Gemini call was clean and wired",scenery_backdrop;salvage_damage,git:a11628e ; git:0b80899 ; https://github.com/cory-johannsen/foundry-pf2e-dungeon-crawl/issues/16#issuecomment-5850168943
ofalth,10,redo,paint-splatter effect eating through artwork,halo_or_disc,git:19a15e1 ; git:9192a9e ; git:68c7086 ; git:c468b6f
rekhep,10,redo,paint-splatter effect eating through artwork,halo_or_disc,git:19a15e1 ; git:9192a9e ; git:68c7086 ; git:c468b6f
peluda,10,redo,mud/fire ground scenery,scenery_backdrop,git:19a15e1 ; git:9192a9e ; git:68c7086 ; git:c468b6f
raja-rakshasa,10,redo,decorative corner-frame border plus second tiger head,unknown,git:19a15e1 ; git:9192a9e ; git:68c7086 ; git:c468b6f
red-dragon-young,10,redo,fire filling frame,scenery_backdrop,git:19a15e1 ; git:9192a9e ; git:68c7086 ; git:c468b6f
rune-dragon-young,10,redo,decorative frame + sun/moon disc + fire (spellcaster sibling clean),halo_or_disc;scenery_backdrop,git:19a15e1 ; git:9192a9e ; git:68c7086 ; git:c468b6f
shield-archon,10,redo,solid-color halo/moon disc behind subject,halo_or_disc,git:19a15e1 ; git:9192a9e ; git:68c7086 ; git:c468b6f
troll-king,10,redo,solid-color halo/moon disc behind subject,halo_or_disc,git:19a15e1 ; git:9192a9e ; git:68c7086 ; git:c468b6f
troll-warleader,10,redo,visible ground/grass scenery,scenery_backdrop,git:19a15e1 ; git:9192a9e ; git:68c7086 ; git:c468b6f
tyrannosaurus,10,redo,visible ground/grass; fixed with bust-portrait crop,scenery_backdrop,git:19a15e1 ; git:9192a9e ; git:68c7086 ; git:c468b6f
warmonger,10,redo,heavy salvage-damage corruption,salvage_damage,git:19a15e1 ; git:9192a9e ; git:68c7086 ; git:c468b6f
red-dragon-young-spellcaster,10,gemini_after_failure,"ComfyUI: fire filling frame, rocky ledge, then paint-splatter corruption on 3rd attempt; resolved via Gemini",scenery_backdrop;halo_or_disc,git:19a15e1 ; git:68c7086
roper,10,redo,total content failure: rendered as rock-formation landscape photo instead of a creature,wrong_subject;scenery_backdrop,git:a671e58
nyogoth,10,gemini_after_failure,Gemini after 3 ComfyUI failures each (reason not stated),unknown,git:7b8f2cf
chyzaedu,10,gemini_after_failure,Gemini after 3 ComfyUI failures each (reason not stated),unknown,git:7b8f2cf
etioling-blightmage,10,gemini_after_failure,Gemini after 3 ComfyUI failures each (reason not stated),unknown,git:7b8f2cf
infernal-registrar,10,gemini_after_failure,Gemini after 3 ComfyUI failures each (reason not stated),unknown,git:7b8f2cf
cloud-giant,11,redo,real cloud/fog scenery,scenery_backdrop,git:4c18eb0
diabolic-dragon-young-spellcaster,11,redo,mountain scenery,scenery_backdrop,git:4c18eb0
elemental-avalanche,11,gemini_after_failure,red sky/lava strip leaked through; Gemini after 3 ComfyUI failures,scenery_backdrop,git:4c18eb0 ; git:f26a6e9
elemental-tsunami,11,prompt_fixed,rendered as full ocean-wave landscape painting with no creature; prompt rewritten to force legible creature silhouette,wrong_subject;scenery_backdrop,git:4c18eb0
greater-nightmare,11,redo,real fire/ground scenery filling frame; clean on 3rd round,scenery_backdrop,git:10346d1 ; git:d00c043 ; git:d624fb7
high-roller,11,gemini_after_failure,decorative card-suit frame / ornate border; Gemini after 3 ComfyUI failures,unknown,git:10346d1 ; git:d624fb7
hippopotamus-topiary,11,gemini_after_failure,content mismatch: normal hippo skin with small flower patch instead of all-hedge body; Gemini after 3 failures,wrong_details,git:10346d1 ; git:d624fb7
quoppopak,11,redo,real water/ocean scenery,scenery_backdrop,git:10346d1 ; git:d00c043
raelis,11,redo,severe salvage corruption,salvage_damage,git:84270d9
spirit-binder,11,redo,rendered a whole crowd of extra faces/figures instead of one subject,wrong_subject,git:84270d9
devourer,11,redo,rendered a whole crowd of extra faces/figures instead of one subject,wrong_subject,git:84270d9
gongorinan,11,redo,real colored gradient background,scenery_backdrop,git:84270d9
isqulug,11,redo,colored background + ornate frame,scenery_backdrop,git:84270d9
arboreal-archive,12,redo,ground plane still visible despite isolation fix,scenery_backdrop,git:86f1d94
black-belt,12,redo,real red aura + ground shadow,scenery_backdrop,git:86f1d94
coral-dragon-adult,12,gemini_after_failure,real coral reef / rocky perch under feet persisted 3 ComfyUI rounds (spellcaster sibling clean); Gemini,scenery_backdrop,git:86f1d94 ; git:f242ce4 ; git:d1db6b2
frost-worm,12,redo,real snow/forest scenery despite isolation fixes; 2nd time on decorative display pedestal; clean 3rd round,scenery_backdrop,git:48dd8d9 ; git:dbe46f1 ; git:824379e
kokogiak,12,gemini_after_failure,real snow/forest scenery despite isolation fixes; ground/grass persisted 3 rounds; Gemini,scenery_backdrop,git:48dd8d9 ; git:dbe46f1 ; git:824379e
girtablilu-seer,12,redo,colored gradient background,scenery_backdrop,git:48dd8d9
kolyarut,12,redo,colored gradient background,scenery_backdrop,git:48dd8d9
interlocutor,12,redo,hard black/white split background,bg_patch,git:48dd8d9
monadic-deva,12,redo,decorative swirl/note marks scattered around it,scenery_backdrop,git:48dd8d9
betobeto-san,12,gemini_after_failure,Gemini-deferred after ComfyUI rounds (reason not stated),unknown,git:0ab562b
shuln,12,prompt_fixed,needed bust-crop rewrite on 3rd ComfyUI round (reason not stated),cropped,git:0ab562b
animated-trebuchet,13,gemini_after_failure,"kept drawing a building instead of a siege weapon (3 rounds); Gemini output had opaque white sliver, patched directly",wrong_subject;bg_patch,git:4d18d69
assault-alloy,13,gemini_after_failure,"""no bigger than a basketball"" comparison drew an actual basketball; 3 rounds then Gemini",wrong_subject,git:4d18d69
glabrezu,13,gemini_after_failure,"3 ComfyUI rounds then Gemini (chunk lists full-landscape drift, halo/disc, frame, washed-out color, ground/perch, reflective-surface failures unattributed)",unknown,git:e0463fc
iceberg-clam,13,gemini_after_failure,"3 ComfyUI rounds then Gemini (chunk lists full-landscape drift, halo/disc, frame, washed-out color, ground/perch, reflective-surface failures unattributed)",unknown,git:e0463fc
thanadaemon,13,gemini_after_failure,3 ComfyUI rounds then Gemini (reason not stated),unknown,git:75d5f57
urglid,13,gemini_after_failure,"3 ComfyUI rounds then Gemini; even 4 attempts total did not capture ""mouth on chest, no neck"" body plan: reads as generic horned demon",wrong_details,git:75d5f57
froghemoth,13,gemini_after_failure,Gemini-deferred (reason not stated),unknown,git:f343c44
jorogumo,13,gemini_after_failure,Gemini-deferred (reason not stated),unknown,git:f343c44
doprillu,14,gemini_after_failure,3 rounds; finished via Gemini after body-visibility fix,wrong_details,git:1d640e7
grikkitog,14,redo,3 rounds; finished via much more literal rock-creature rewrite,wrong_subject,git:1d640e7
peri,14,redo,3 rounds to drop persistent halo/glow artifact,halo_or_disc,git:1d640e7
uthul,14,gemini_after_failure,3 ComfyUI rounds rendering as full ocean/sky scene despite explicit isolation language; Gemini,scenery_backdrop,git:a5615d0
berberoka,15,redo,3 ComfyUI rounds (reason not stated),unknown,git:68ac816
black-scorpion,15,redo,3 ComfyUI rounds (reason not stated),unknown,git:68ac816
grand-inquisitor,15,gemini_after_failure,stubborn flanking heraldic-badge artifact only cleared via Gemini,scenery_backdrop,git:68ac816
peerless-healer,15,gemini_after_failure,all 3 ComfyUI rounds then Gemini (reason not stated),unknown,git:a13936d
sordesdaemon,15,gemini_after_failure,all 3 ComfyUI rounds then Gemini (reason not stated),unknown,git:a13936d
wemmuth,15,gemini_after_failure,all 3 ComfyUI rounds then Gemini (reason not stated),unknown,git:a13936d
hyakume,15,gemini_after_failure,"kept rendering normal two-eyed face across 3 rounds of ""hundreds of eyes"" language; Gemini",wrong_details,git:a13936d
jotund-troll,15,gemini_after_failure,nine-heads description rendered as tiled wallpaper of repeated identical faces; 3 rounds + Gemini,wrong_subject,git:10d5fa2
toshigami,15,gemini_after_failure,3 ComfyUI rounds + Gemini (reason not stated),unknown,git:10d5fa2
grim-reaper,21,redo,manual Gemini: came back on white background; salvaged (manual workflow),bg_patch,git:f6dd432
thanatotic-titan,22,redo,manual Gemini: persistent spotlight-vignette gradient salvage cannot clean; regenerated once,scenery_backdrop,git:f6dd432
veranallia,20,prompt_fixed,manual Gemini: first attempt exposed nudity; prompt now requires full torso coverage,nudity_or_clothing,git:1667580
mirage-dragon-ancient,18,redo,manual Gemini: full photorealistic mountain-vista scene; fixed after Gemini system-prompt rewrite,scenery_backdrop,git:3ccfdc4
enchanting-ritualist,18,redo,manual Gemini: redo needed; explicit no-room framing locked in (room scene),scenery_backdrop,git:3ccfdc4 ; https://github.com/cory-johannsen/foundry-pf2e-dungeon-crawl/issues/16#issuecomment-5819855478
kraken,18,redo,manual Gemini: water / photorealism; explicit no-water-no-photorealism framing locked in,scenery_backdrop,git:3ccfdc4
deimavigga,17,redo,manual Gemini: came back photorealistic/CGI on first attempt,unknown,git:66212a5
keketar,17,prompt_fixed,manual Gemini: parchment border cropped out instead of redo,cropped,git:66212a5
kadamel,17,prompt_fixed,scenery-inviting language stripped pre-emptively from description (no failure observed),unknown,git:66212a5
vaspercham,17,prompt_fixed,scenery-inviting language stripped pre-emptively from description (no failure observed),unknown,git:66212a5
brass-dragon-ancient,16,redo,manual Gemini: ground/scenery leakage on first attempt,scenery_backdrop,git:54e5861
brass-dragon-ancient-spellcaster,16,redo,manual Gemini: ground/scenery leakage on first attempt,scenery_backdrop,git:54e5861
fjord-linnorm,16,redo,manual Gemini: ground/scenery leakage on first attempt; water/wave clause replaced outright after two failed attempts,scenery_backdrop,git:54e5861
whisper-dragon-ancient,16,redo,manual Gemini: ground/scenery leakage on first attempt,scenery_backdrop,git:54e5861
elder-sphinx,16,redo,manual Gemini: ground/scenery leakage on first attempt,scenery_backdrop,git:54e5861
vilderavn,16,redo,manual Gemini: ground/scenery leakage on first attempt,scenery_backdrop,git:54e5861
biloko-warrior,1,redo,"[#252 Lost Omens, not in 1,609] yellow forest backdrop (final backend comfyui)",scenery_backdrop,git:6e8231e docs/token-art-failures.csv chunk 1
kaava-stalker,1,redo,"[#252 Lost Omens, not in 1,609] green forest backdrop (final backend comfyui)",scenery_backdrop,git:6e8231e docs/token-art-failures.csv chunk 1
anadi-hunter,2,redo,"[#252 Lost Omens, not in 1,609] green backdrop (final backend comfyui)",scenery_backdrop,git:6e8231e docs/token-art-failures.csv chunk 1
inkdrop,-1,gemini_after_failure,"[#252 Lost Omens, not in 1,609] insect, then bird from ComfyUI; Gemini + transparency key-out (final backend gemini)",wrong_subject,git:6e8231e docs/token-art-failures.csv chunk 1
baccali-alpaca,0,redo,"[#252 Lost Omens, not in 1,609] flowers; then pale fur eaten by salvage; fixed with brown coat on round 3 (final backend comfyui)",scenery_backdrop;salvage_damage,git:6e8231e docs/token-art-failures.csv chunk 1
ulgrem-lurann,3,gemini_after_failure,"[#252 Lost Omens, not in 1,609] frog written without a description; found later to be an ice-crystal crocodilian (final backend gemini)",wrong_subject,git:6e8231e docs/token-art-failures.csv chunk 2
augdunar,2,redo,"[#252 Lost Omens, not in 1,609] grey ground rectangle (final backend comfyui)",bg_patch,git:6e8231e docs/token-art-failures.csv chunk 2
lunar-consort,2,redo,"[#252 Lost Omens, not in 1,609] white moon disc (final backend comfyui)",halo_or_disc,git:6e8231e docs/token-art-failures.csv chunk 2
spring-heeled-jack,3,redo,"[#252 Lost Omens, not in 1,609] red/yellow moon and trees (final backend comfyui)",scenery_backdrop,git:6e8231e docs/token-art-failures.csv chunk 2
tidepool-dragonet,3,redo,"[#252 Lost Omens, not in 1,609] chameleon head close-up instead of eel-like body (final backend comfyui)",cropped,git:6e8231e docs/token-art-failures.csv chunk 2
changeling-hellknight,4,redo,"[#252 Lost Omens, not in 1,609] white patch lower left (final backend comfyui)",bg_patch,git:6e8231e docs/token-art-failures.csv chunk 3
pathfinder-field-agent,4,redo,"[#252 Lost Omens, not in 1,609] cliff/sky remnants (final backend comfyui)",scenery_backdrop,git:6e8231e docs/token-art-failures.csv chunk 3
flotsam-terror,4,gemini_after_failure,"[#252 Lost Omens, not in 1,609] whole ship + sea, 3 ComfyUI rounds (final backend gemini)",scenery_backdrop;wrong_subject,git:6e8231e docs/token-art-failures.csv chunk 3
aurosrath,5,gemini_after_failure,"[#252 Lost Omens, not in 1,609] wall candelabras (final backend gemini)",scenery_backdrop,git:6e8231e docs/token-art-failures.csv chunk 4
irriseni-owlbear,5,gemini_after_failure,"[#252 Lost Omens, not in 1,609] owl only, no bear body (final backend gemini)",hybrid_anatomy;wrong_subject,git:6e8231e docs/token-art-failures.csv chunk 4
karina,5,gemini_after_failure,"[#252 Lost Omens, not in 1,609] white splatter halo (final backend gemini)",halo_or_disc,git:6e8231e docs/token-art-failures.csv chunk 4
rompo,5,gemini_after_failure,"[#252 Lost Omens, not in 1,609] koala face in a suit (final backend gemini)",hybrid_anatomy;wrong_details,git:6e8231e docs/token-art-failures.csv chunk 4
temteki,5,gemini_after_failure,"[#252 Lost Omens, not in 1,609] dark tree with colour wedges (final backend gemini)",scenery_backdrop;wrong_subject,git:6e8231e docs/token-art-failures.csv chunk 4
charau-ka-butcher,6,gemini_after_failure,"[#252 Lost Omens, not in 1,609] yellow burst behind head (final backend gemini)",scenery_backdrop,git:6e8231e docs/token-art-failures.csv chunk 4
lamp-blighter,6,gemini_after_failure,"[#252 Lost Omens, not in 1,609] cream halo blob (final backend gemini)",halo_or_disc,git:6e8231e docs/token-art-failures.csv chunk 4
melfesh-monster,6,gemini_after_failure,"[#252 Lost Omens, not in 1,609] smoke clouds; checker 70 (final backend gemini)",scenery_backdrop;bg_score_high,git:6e8231e docs/token-art-failures.csv chunk 4
spawn-of-kothogaz,6,gemini_after_failure,"[#252 Lost Omens, not in 1,609] red wedge, cut at right edge (final backend gemini)",scenery_backdrop;cropped,git:6e8231e docs/token-art-failures.csv chunk 5
wailing-dragon-young,6,gemini_after_failure,"[#252 Lost Omens, not in 1,609] head and neck only (final backend gemini)",cropped,git:6e8231e docs/token-art-failures.csv chunk 5
wailing-dragon-young-spellcaster,6,gemini_after_failure,"[#252 Lost Omens, not in 1,609] black disc + rock ledge (final backend gemini)",halo_or_disc;bg_patch,git:6e8231e docs/token-art-failures.csv chunk 5
bog-dragon-young-spellcaster,7,gemini_after_failure,"[#252 Lost Omens, not in 1,609] green radial glow (final backend gemini)",scenery_backdrop,git:6e8231e docs/token-art-failures.csv chunk 5
crystal-dragon-young,7,gemini_after_failure,"[#252 Lost Omens, not in 1,609] head and neck only (final backend gemini)",cropped,git:6e8231e docs/token-art-failures.csv chunk 5
crystal-xorn,7,gemini_after_failure,"[#252 Lost Omens, not in 1,609] black disc; mask-like face (final backend gemini)",halo_or_disc;wrong_subject,git:6e8231e docs/token-art-failures.csv chunk 5
solar-ibis,7,gemini_after_failure,"[#252 Lost Omens, not in 1,609] dark bird on yellow burst (final backend gemini)",wrong_subject;scenery_backdrop,git:6e8231e docs/token-art-failures.csv chunk 5
spellscar-fext,7,gemini_after_failure,"[#252 Lost Omens, not in 1,609] flames; skeleton not warped flesh (final backend gemini)",scenery_backdrop;wrong_subject,git:6e8231e docs/token-art-failures.csv chunk 6
ulgrem-axaan,7,gemini_after_failure,"[#252 Lost Omens, not in 1,609] head/neck, checker 59 (final backend gemini)",cropped;bg_score_high,git:6e8231e docs/token-art-failures.csv chunk 6
underworld-dragon-young,7,gemini_after_failure,"[#252 Lost Omens, not in 1,609] head only, flame backdrop (final backend gemini)",cropped;scenery_backdrop,git:6e8231e docs/token-art-failures.csv chunk 6
underworld-dragon-young-spellcaster,7,gemini_after_failure,"[#252 Lost Omens, not in 1,609] head only (final backend gemini)",cropped,git:6e8231e docs/token-art-failures.csv chunk 6
young-linnorm,7,gemini_after_failure,"[#252 Lost Omens, not in 1,609] wings + 4 legs on a wingless linnorm; green rectangle (final backend gemini)",wrong_details;scenery_backdrop,git:6e8231e docs/token-art-failures.csv chunk 6
brine-dragon-young,8,gemini_after_failure,"[#252 Lost Omens, not in 1,609] head/neck, ground patch, checker 59 (final backend gemini)",cropped;bg_patch;bg_score_high,git:6e8231e docs/token-art-failures.csv chunk 6
fleshforged-conformer,8,gemini_after_failure,"[#252 Lost Omens, not in 1,609] skull with wires; white corners (final backend gemini)",wrong_subject;cropped;bg_patch,git:6e8231e docs/token-art-failures.csv chunk 6
k-nonna,8,gemini_after_failure,"[#252 Lost Omens, not in 1,609] full goblin-like humanoid, not a half-human (final backend gemini)",wrong_subject;hybrid_anatomy,git:6e8231e docs/token-art-failures.csv chunk 6
manananggal,8,gemini_after_failure,"[#252 Lost Omens, not in 1,609] winged dragon with legs, not a torso (final backend gemini)",wrong_subject;hybrid_anatomy,git:6e8231e docs/token-art-failures.csv chunk 6
lerritan,21,manual_gemini_direction,user directed remaining levels 9-25 to manual Gemini/nano-banana workflow; NOT evidence ComfyUI failed,n/a (not a failure),git:f6dd432 ; https://github.com/cory-johannsen/foundry-pf2e-dungeon-crawl/issues/16#issuecomment-5803963302
mu-spore,21,manual_gemini_direction,user directed remaining levels 9-25 to manual Gemini/nano-banana workflow; NOT evidence ComfyUI failed,n/a (not a failure),git:f6dd432 ; https://github.com/cory-johannsen/foundry-pf2e-dungeon-crawl/issues/16#issuecomment-5803963302
tor-linnorm,21,manual_gemini_direction,user directed remaining levels 9-25 to manual Gemini/nano-banana workflow; NOT evidence ComfyUI failed,n/a (not a failure),git:f6dd432 ; https://github.com/cory-johannsen/foundry-pf2e-dungeon-crawl/issues/16#issuecomment-5803963302
elysian-titan,21,manual_gemini_direction,user directed remaining levels 9-25 to manual Gemini/nano-banana workflow; NOT evidence ComfyUI failed,n/a (not a failure),git:f6dd432 ; https://github.com/cory-johannsen/foundry-pf2e-dungeon-crawl/issues/16#issuecomment-5803963302
ouroboros,21,manual_gemini_direction,user directed remaining levels 9-25 to manual Gemini/nano-banana workflow; NOT evidence ComfyUI failed,n/a (not a failure),git:f6dd432 ; https://github.com/cory-johannsen/foundry-pf2e-dungeon-crawl/issues/16#issuecomment-5803963302
ravener,21,manual_gemini_direction,user directed remaining levels 9-25 to manual Gemini/nano-banana workflow; NOT evidence ComfyUI failed,n/a (not a failure),git:f6dd432 ; https://github.com/cory-johannsen/foundry-pf2e-dungeon-crawl/issues/16#issuecomment-5803963302
grim-reaper,21,manual_gemini_direction,user directed remaining levels 9-25 to manual Gemini/nano-banana workflow; NOT evidence ComfyUI failed,n/a (not a failure),git:f6dd432 ; https://github.com/cory-johannsen/foundry-pf2e-dungeon-crawl/issues/16#issuecomment-5803963302
krampus,21,manual_gemini_direction,user directed remaining levels 9-25 to manual Gemini/nano-banana workflow; NOT evidence ComfyUI failed,n/a (not a failure),git:f6dd432 ; https://github.com/cory-johannsen/foundry-pf2e-dungeon-crawl/issues/16#issuecomment-5803963302
thanatotic-titan,22,manual_gemini_direction,user directed remaining levels 9-25 to manual Gemini/nano-banana workflow; NOT evidence ComfyUI failed,n/a (not a failure),git:f6dd432 ; https://github.com/cory-johannsen/foundry-pf2e-dungeon-crawl/issues/16#issuecomment-5803963302
volnagur,22,manual_gemini_direction,user directed remaining levels 9-25 to manual Gemini/nano-banana workflow; NOT evidence ComfyUI failed,n/a (not a failure),git:f6dd432 ; https://github.com/cory-johannsen/foundry-pf2e-dungeon-crawl/issues/16#issuecomment-5803963302
danava-titan,23,manual_gemini_direction,user directed remaining levels 9-25 to manual Gemini/nano-banana workflow; NOT evidence ComfyUI failed,n/a (not a failure),git:f6dd432 ; https://github.com/cory-johannsen/foundry-pf2e-dungeon-crawl/issues/16#issuecomment-5803963302
jabberwock,23,manual_gemini_direction,user directed remaining levels 9-25 to manual Gemini/nano-banana workflow; NOT evidence ComfyUI failed,n/a (not a failure),git:f6dd432 ; https://github.com/cory-johannsen/foundry-pf2e-dungeon-crawl/issues/16#issuecomment-5803963302
solar,23,manual_gemini_direction,user directed remaining levels 9-25 to manual Gemini/nano-banana workflow; NOT evidence ComfyUI failed,n/a (not a failure),git:f6dd432 ; https://github.com/cory-johannsen/foundry-pf2e-dungeon-crawl/issues/16#issuecomment-5803963302
green-man,24,manual_gemini_direction,user directed remaining levels 9-25 to manual Gemini/nano-banana workflow; NOT evidence ComfyUI failed,n/a (not a failure),git:f6dd432 ; https://github.com/cory-johannsen/foundry-pf2e-dungeon-crawl/issues/16#issuecomment-5803963302
hekatonkheires-titan,24,manual_gemini_direction,user directed remaining levels 9-25 to manual Gemini/nano-banana workflow; NOT evidence ComfyUI failed,n/a (not a failure),git:f6dd432 ; https://github.com/cory-johannsen/foundry-pf2e-dungeon-crawl/issues/16#issuecomment-5803963302
sorvuth-ka,24,manual_gemini_direction,user directed remaining levels 9-25 to manual Gemini/nano-banana workflow; NOT evidence ComfyUI failed,n/a (not a failure),git:f6dd432 ; https://github.com/cory-johannsen/foundry-pf2e-dungeon-crawl/issues/16#issuecomment-5803963302
treerazer,25,manual_gemini_direction,user directed remaining levels 9-25 to manual Gemini/nano-banana workflow; NOT evidence ComfyUI failed,n/a (not a failure),git:f6dd432 ; https://github.com/cory-johannsen/foundry-pf2e-dungeon-crawl/issues/16#issuecomment-5803963302
duneshaker-solifugid,18,manual_gemini_direction,user directed remaining levels 9-25 to manual Gemini/nano-banana workflow; NOT evidence ComfyUI failed,n/a (not a failure),git:8dd751c ; git:3ccfdc4 ; https://github.com/cory-johannsen/foundry-pf2e-dungeon-crawl/issues/16#issuecomment-5836070762
katpaskir,18,manual_gemini_direction,user directed remaining levels 9-25 to manual Gemini/nano-banana workflow; NOT evidence ComfyUI failed,n/a (not a failure),git:8dd751c ; git:3ccfdc4 ; https://github.com/cory-johannsen/foundry-pf2e-dungeon-crawl/issues/16#issuecomment-5836070762
purrodaemon,18,manual_gemini_direction,user directed remaining levels 9-25 to manual Gemini/nano-banana workflow; NOT evidence ComfyUI failed,n/a (not a failure),git:8dd751c ; git:3ccfdc4 ; https://github.com/cory-johannsen/foundry-pf2e-dungeon-crawl/issues/16#issuecomment-5836070762
urveth,18,manual_gemini_direction,user directed remaining levels 9-25 to manual Gemini/nano-banana workflow; NOT evidence ComfyUI failed,n/a (not a failure),git:8dd751c ; git:3ccfdc4 ; https://github.com/cory-johannsen/foundry-pf2e-dungeon-crawl/issues/16#issuecomment-5836070762
adamantine-dragon-ancient,18,manual_gemini_direction,user directed remaining levels 9-25 to manual Gemini/nano-banana workflow; NOT evidence ComfyUI failed,n/a (not a failure),git:8dd751c ; git:3ccfdc4 ; https://github.com/cory-johannsen/foundry-pf2e-dungeon-crawl/issues/16#issuecomment-5836070762
adamantine-dragon-ancient-spellcaster,18,manual_gemini_direction,user directed remaining levels 9-25 to manual Gemini/nano-banana workflow; NOT evidence ComfyUI failed,n/a (not a failure),git:8dd751c ; git:3ccfdc4 ; https://github.com/cory-johannsen/foundry-pf2e-dungeon-crawl/issues/16#issuecomment-5836070762
blue-dragon-ancient,18,manual_gemini_direction,user directed remaining levels 9-25 to manual Gemini/nano-banana workflow; NOT evidence ComfyUI failed,n/a (not a failure),git:8dd751c ; git:3ccfdc4 ; https://github.com/cory-johannsen/foundry-pf2e-dungeon-crawl/issues/16#issuecomment-5836070762
blue-dragon-ancient-spellcaster,18,manual_gemini_direction,user directed remaining levels 9-25 to manual Gemini/nano-banana workflow; NOT evidence ComfyUI failed,n/a (not a failure),git:8dd751c ; git:3ccfdc4 ; https://github.com/cory-johannsen/foundry-pf2e-dungeon-crawl/issues/16#issuecomment-5836070762
bronze-dragon-ancient,18,manual_gemini_direction,user directed remaining levels 9-25 to manual Gemini/nano-banana workflow; NOT evidence ComfyUI failed,n/a (not a failure),git:8dd751c ; git:3ccfdc4 ; https://github.com/cory-johannsen/foundry-pf2e-dungeon-crawl/issues/16#issuecomment-5836070762
bronze-dragon-ancient-spellcaster,18,manual_gemini_direction,user directed remaining levels 9-25 to manual Gemini/nano-banana workflow; NOT evidence ComfyUI failed,n/a (not a failure),git:8dd751c ; git:3ccfdc4 ; https://github.com/cory-johannsen/foundry-pf2e-dungeon-crawl/issues/16#issuecomment-5836070762
despair-dragon-ancient,18,manual_gemini_direction,user directed remaining levels 9-25 to manual Gemini/nano-banana workflow; NOT evidence ComfyUI failed,n/a (not a failure),git:8dd751c ; git:3ccfdc4 ; https://github.com/cory-johannsen/foundry-pf2e-dungeon-crawl/issues/16#issuecomment-5836070762
despair-dragon-ancient-spellcaster,18,manual_gemini_direction,user directed remaining levels 9-25 to manual Gemini/nano-banana workflow; NOT evidence ComfyUI failed,n/a (not a failure),git:8dd751c ; git:3ccfdc4 ; https://github.com/cory-johannsen/foundry-pf2e-dungeon-crawl/issues/16#issuecomment-5836070762
cairn-linnorm,18,manual_gemini_direction,user directed remaining levels 9-25 to manual Gemini/nano-banana workflow; NOT evidence ComfyUI failed,n/a (not a failure),git:8dd751c ; git:3ccfdc4 ; https://github.com/cory-johannsen/foundry-pf2e-dungeon-crawl/issues/16#issuecomment-5836070762
enchanting-ritualist,18,manual_gemini_direction,user directed remaining levels 9-25 to manual Gemini/nano-banana workflow; NOT evidence ComfyUI failed,n/a (not a failure),git:8dd751c ; git:3ccfdc4 ; https://github.com/cory-johannsen/foundry-pf2e-dungeon-crawl/issues/16#issuecomment-5836070762
kraken,18,manual_gemini_direction,user directed remaining levels 9-25 to manual Gemini/nano-banana workflow; NOT evidence ComfyUI failed,n/a (not a failure),git:8dd751c ; git:3ccfdc4 ; https://github.com/cory-johannsen/foundry-pf2e-dungeon-crawl/issues/16#issuecomment-5836070762
mirage-dragon-ancient,18,manual_gemini_direction,user directed remaining levels 9-25 to manual Gemini/nano-banana workflow; NOT evidence ComfyUI failed,n/a (not a failure),git:8dd751c ; git:3ccfdc4 ; https://github.com/cory-johannsen/foundry-pf2e-dungeon-crawl/issues/16#issuecomment-5836070762
mirage-dragon-ancient-spellcaster,18,manual_gemini_direction,user directed remaining levels 9-25 to manual Gemini/nano-banana workflow; NOT evidence ComfyUI failed,n/a (not a failure),git:8dd751c ; git:3ccfdc4 ; https://github.com/cory-johannsen/foundry-pf2e-dungeon-crawl/issues/16#issuecomment-5836070762
phase-dragon-ancient,18,manual_gemini_direction,user directed remaining levels 9-25 to manual Gemini/nano-banana workflow; NOT evidence ComfyUI failed,n/a (not a failure),git:8dd751c ; git:3ccfdc4 ; https://github.com/cory-johannsen/foundry-pf2e-dungeon-crawl/issues/16#issuecomment-5836070762
phase-dragon-ancient-spellcaster,18,manual_gemini_direction,user directed remaining levels 9-25 to manual Gemini/nano-banana workflow; NOT evidence ComfyUI failed,n/a (not a failure),git:8dd751c ; git:3ccfdc4 ; https://github.com/cory-johannsen/foundry-pf2e-dungeon-crawl/issues/16#issuecomment-5836070762
skulltaker,18,manual_gemini_direction,user directed remaining levels 9-25 to manual Gemini/nano-banana workflow; NOT evidence ComfyUI failed,n/a (not a failure),git:8dd751c ; git:3ccfdc4 ; https://github.com/cory-johannsen/foundry-pf2e-dungeon-crawl/issues/16#issuecomment-5836070762
thulgant,18,manual_gemini_direction,user directed remaining levels 9-25 to manual Gemini/nano-banana workflow; NOT evidence ComfyUI failed,n/a (not a failure),git:8dd751c ; git:3ccfdc4 ; https://github.com/cory-johannsen/foundry-pf2e-dungeon-crawl/issues/16#issuecomment-5836070762
adamant-sentinel,18,manual_gemini_direction,user directed remaining levels 9-25 to manual Gemini/nano-banana workflow; NOT evidence ComfyUI failed,n/a (not a failure),git:8dd751c ; git:3ccfdc4 ; https://github.com/cory-johannsen/foundry-pf2e-dungeon-crawl/issues/16#issuecomment-5836070762
adamantine-golem,18,manual_gemini_direction,user directed remaining levels 9-25 to manual Gemini/nano-banana workflow; NOT evidence ComfyUI failed,n/a (not a failure),git:8dd751c ; git:3ccfdc4 ; https://github.com/cory-johannsen/foundry-pf2e-dungeon-crawl/issues/16#issuecomment-5836070762
aolaz,18,manual_gemini_direction,user directed remaining levels 9-25 to manual Gemini/nano-banana workflow; NOT evidence ComfyUI failed,n/a (not a failure),git:8dd751c ; git:3ccfdc4 ; https://github.com/cory-johannsen/foundry-pf2e-dungeon-crawl/issues/16#issuecomment-5836070762
hatred-siktempora,18,manual_gemini_direction,user directed remaining levels 9-25 to manual Gemini/nano-banana workflow; NOT evidence ComfyUI failed,n/a (not a failure),git:8dd751c ; git:3ccfdc4 ; https://github.com/cory-johannsen/foundry-pf2e-dungeon-crawl/issues/16#issuecomment-5836070762
magma-worm,18,manual_gemini_direction,user directed remaining levels 9-25 to manual Gemini/nano-banana workflow; NOT evidence ComfyUI failed,n/a (not a failure),git:8dd751c ; git:3ccfdc4 ; https://github.com/cory-johannsen/foundry-pf2e-dungeon-crawl/issues/16#issuecomment-5836070762
shoggoth,18,manual_gemini_direction,user directed remaining levels 9-25 to manual Gemini/nano-banana workflow; NOT evidence ComfyUI failed,n/a (not a failure),git:8dd751c ; git:3ccfdc4 ; https://github.com/cory-johannsen/foundry-pf2e-dungeon-crawl/issues/16#issuecomment-5836070762
simurgh,18,manual_gemini_direction,user directed remaining levels 9-25 to manual Gemini/nano-banana workflow; NOT evidence ComfyUI failed,n/a (not a failure),git:8dd751c ; git:3ccfdc4 ; https://github.com/cory-johannsen/foundry-pf2e-dungeon-crawl/issues/16#issuecomment-5836070762
astradaemon,16,manual_gemini_direction,user directed remaining levels 9-25 to manual Gemini/nano-banana workflow; NOT evidence ComfyUI failed,n/a (not a failure),git:54e5861 ; git:c59fd05 ; https://github.com/cory-johannsen/foundry-pf2e-dungeon-crawl/issues/16#issuecomment-5848473609
cornugon,16,manual_gemini_direction,user directed remaining levels 9-25 to manual Gemini/nano-banana workflow; NOT evidence ComfyUI failed,n/a (not a failure),git:54e5861 ; git:c59fd05 ; https://github.com/cory-johannsen/foundry-pf2e-dungeon-crawl/issues/16#issuecomment-5848473609
shemhazian,16,manual_gemini_direction,user directed remaining levels 9-25 to manual Gemini/nano-banana workflow; NOT evidence ComfyUI failed,n/a (not a failure),git:54e5861 ; git:c59fd05 ; https://github.com/cory-johannsen/foundry-pf2e-dungeon-crawl/issues/16#issuecomment-5848473609
sumbreiva,16,manual_gemini_direction,user directed remaining levels 9-25 to manual Gemini/nano-banana workflow; NOT evidence ComfyUI failed,n/a (not a failure),git:54e5861 ; git:c59fd05 ; https://github.com/cory-johannsen/foundry-pf2e-dungeon-crawl/issues/16#issuecomment-5848473609
zaramuun,16,manual_gemini_direction,user directed remaining levels 9-25 to manual Gemini/nano-banana workflow; NOT evidence ComfyUI failed,n/a (not a failure),git:54e5861 ; git:c59fd05 ; https://github.com/cory-johannsen/foundry-pf2e-dungeon-crawl/issues/16#issuecomment-5848473609
zomok,16,manual_gemini_direction,user directed remaining levels 9-25 to manual Gemini/nano-banana workflow; NOT evidence ComfyUI failed,n/a (not a failure),git:54e5861 ; git:c59fd05 ; https://github.com/cory-johannsen/foundry-pf2e-dungeon-crawl/issues/16#issuecomment-5848473609
black-dragon-ancient,16,manual_gemini_direction,user directed remaining levels 9-25 to manual Gemini/nano-banana workflow; NOT evidence ComfyUI failed,n/a (not a failure),git:54e5861 ; git:c59fd05 ; https://github.com/cory-johannsen/foundry-pf2e-dungeon-crawl/issues/16#issuecomment-5848473609
black-dragon-ancient-spellcaster,16,manual_gemini_direction,user directed remaining levels 9-25 to manual Gemini/nano-banana workflow; NOT evidence ComfyUI failed,n/a (not a failure),git:54e5861 ; git:c59fd05 ; https://github.com/cory-johannsen/foundry-pf2e-dungeon-crawl/issues/16#issuecomment-5848473609
brass-dragon-ancient,16,manual_gemini_direction,user directed remaining levels 9-25 to manual Gemini/nano-banana workflow; NOT evidence ComfyUI failed,n/a (not a failure),git:54e5861 ; git:c59fd05 ; https://github.com/cory-johannsen/foundry-pf2e-dungeon-crawl/issues/16#issuecomment-5848473609
brass-dragon-ancient-spellcaster,16,manual_gemini_direction,user directed remaining levels 9-25 to manual Gemini/nano-banana workflow; NOT evidence ComfyUI failed,n/a (not a failure),git:54e5861 ; git:c59fd05 ; https://github.com/cory-johannsen/foundry-pf2e-dungeon-crawl/issues/16#issuecomment-5848473609
bythos,16,manual_gemini_direction,user directed remaining levels 9-25 to manual Gemini/nano-banana workflow; NOT evidence ComfyUI failed,n/a (not a failure),git:54e5861 ; git:c59fd05 ; https://github.com/cory-johannsen/foundry-pf2e-dungeon-crawl/issues/16#issuecomment-5848473609
fjord-linnorm,16,manual_gemini_direction,user directed remaining levels 9-25 to manual Gemini/nano-banana workflow; NOT evidence ComfyUI failed,n/a (not a failure),git:54e5861 ; git:c59fd05 ; https://github.com/cory-johannsen/foundry-pf2e-dungeon-crawl/issues/16#issuecomment-5848473609
omen-dragon-ancient,16,manual_gemini_direction,user directed remaining levels 9-25 to manual Gemini/nano-banana workflow; NOT evidence ComfyUI failed,n/a (not a failure),git:54e5861 ; git:c59fd05 ; https://github.com/cory-johannsen/foundry-pf2e-dungeon-crawl/issues/16#issuecomment-5848473609
omen-dragon-ancient-spellcaster,16,manual_gemini_direction,user directed remaining levels 9-25 to manual Gemini/nano-banana workflow; NOT evidence ComfyUI failed,n/a (not a failure),git:54e5861 ; git:c59fd05 ; https://github.com/cory-johannsen/foundry-pf2e-dungeon-crawl/issues/16#issuecomment-5848473609
planetar,16,manual_gemini_direction,user directed remaining levels 9-25 to manual Gemini/nano-banana workflow; NOT evidence ComfyUI failed,n/a (not a failure),git:54e5861 ; git:c59fd05 ; https://github.com/cory-johannsen/foundry-pf2e-dungeon-crawl/issues/16#issuecomment-5848473609
rune-giant,16,manual_gemini_direction,user directed remaining levels 9-25 to manual Gemini/nano-banana workflow; NOT evidence ComfyUI failed,n/a (not a failure),git:54e5861 ; git:c59fd05 ; https://github.com/cory-johannsen/foundry-pf2e-dungeon-crawl/issues/16#issuecomment-5848473609
warsworn,16,manual_gemini_direction,user directed remaining levels 9-25 to manual Gemini/nano-banana workflow; NOT evidence ComfyUI failed,n/a (not a failure),git:54e5861 ; git:c59fd05 ; https://github.com/cory-johannsen/foundry-pf2e-dungeon-crawl/issues/16#issuecomment-5848473609
whisper-dragon-ancient,16,manual_gemini_direction,user directed remaining levels 9-25 to manual Gemini/nano-banana workflow; NOT evidence ComfyUI failed,n/a (not a failure),git:54e5861 ; git:c59fd05 ; https://github.com/cory-johannsen/foundry-pf2e-dungeon-crawl/issues/16#issuecomment-5848473609
whisper-dragon-ancient-spellcaster,16,manual_gemini_direction,user directed remaining levels 9-25 to manual Gemini/nano-banana workflow; NOT evidence ComfyUI failed,n/a (not a failure),git:54e5861 ; git:c59fd05 ; https://github.com/cory-johannsen/foundry-pf2e-dungeon-crawl/issues/16#issuecomment-5848473609
clockwork-dragon,16,manual_gemini_direction,user directed remaining levels 9-25 to manual Gemini/nano-banana workflow; NOT evidence ComfyUI failed,n/a (not a failure),git:54e5861 ; git:c59fd05 ; https://github.com/cory-johannsen/foundry-pf2e-dungeon-crawl/issues/16#issuecomment-5848473609
elder-sphinx,16,manual_gemini_direction,user directed remaining levels 9-25 to manual Gemini/nano-banana workflow; NOT evidence ComfyUI failed,n/a (not a failure),git:54e5861 ; git:c59fd05 ; https://github.com/cory-johannsen/foundry-pf2e-dungeon-crawl/issues/16#issuecomment-5848473609
giylea,16,manual_gemini_direction,user directed remaining levels 9-25 to manual Gemini/nano-banana workflow; NOT evidence ComfyUI failed,n/a (not a failure),git:54e5861 ; git:c59fd05 ; https://github.com/cory-johannsen/foundry-pf2e-dungeon-crawl/issues/16#issuecomment-5848473609
lesser-death,16,manual_gemini_direction,user directed remaining levels 9-25 to manual Gemini/nano-banana workflow; NOT evidence ComfyUI failed,n/a (not a failure),git:54e5861 ; git:c59fd05 ; https://github.com/cory-johannsen/foundry-pf2e-dungeon-crawl/issues/16#issuecomment-5848473609
love-siktempora,16,manual_gemini_direction,user directed remaining levels 9-25 to manual Gemini/nano-banana workflow; NOT evidence ComfyUI failed,n/a (not a failure),git:54e5861 ; git:c59fd05 ; https://github.com/cory-johannsen/foundry-pf2e-dungeon-crawl/issues/16#issuecomment-5848473609
mithral-golem,16,manual_gemini_direction,user directed remaining levels 9-25 to manual Gemini/nano-banana workflow; NOT evidence ComfyUI failed,n/a (not a failure),git:54e5861 ; git:c59fd05 ; https://github.com/cory-johannsen/foundry-pf2e-dungeon-crawl/issues/16#issuecomment-5848473609
vilderavn,16,manual_gemini_direction,user directed remaining levels 9-25 to manual Gemini/nano-banana workflow; NOT evidence ComfyUI failed,n/a (not a failure),git:54e5861 ; git:c59fd05 ; https://github.com/cory-johannsen/foundry-pf2e-dungeon-crawl/issues/16#issuecomment-5848473609
world-ender,16,manual_gemini_direction,user directed remaining levels 9-25 to manual Gemini/nano-banana workflow; NOT evidence ComfyUI failed,n/a (not a failure),git:54e5861 ; git:c59fd05 ; https://github.com/cory-johannsen/foundry-pf2e-dungeon-crawl/issues/16#issuecomment-5848473609
banshee,17,manual_gemini_direction,user directed remaining levels 9-25 to manual Gemini/nano-banana workflow; NOT evidence ComfyUI failed,n/a (not a failure),git:66212a5 ; git:5656ff0 ; https://github.com/cory-johannsen/foundry-pf2e-dungeon-crawl/issues/16#issuecomment-5837413008
conspirator-dragon-ancient,17,manual_gemini_direction,user directed remaining levels 9-25 to manual Gemini/nano-banana workflow; NOT evidence ComfyUI failed,n/a (not a failure),git:66212a5 ; git:5656ff0 ; https://github.com/cory-johannsen/foundry-pf2e-dungeon-crawl/issues/16#issuecomment-5837413008
conspirator-dragon-ancient-spellcaster,17,manual_gemini_direction,user directed remaining levels 9-25 to manual Gemini/nano-banana workflow; NOT evidence ComfyUI failed,n/a (not a failure),git:66212a5 ; git:5656ff0 ; https://github.com/cory-johannsen/foundry-pf2e-dungeon-crawl/issues/16#issuecomment-5837413008
copper-dragon-ancient,17,manual_gemini_direction,user directed remaining levels 9-25 to manual Gemini/nano-banana workflow; NOT evidence ComfyUI failed,n/a (not a failure),git:66212a5 ; git:5656ff0 ; https://github.com/cory-johannsen/foundry-pf2e-dungeon-crawl/issues/16#issuecomment-5837413008
copper-dragon-ancient-spellcaster,17,manual_gemini_direction,user directed remaining levels 9-25 to manual Gemini/nano-banana workflow; NOT evidence ComfyUI failed,n/a (not a failure),git:66212a5 ; git:5656ff0 ; https://github.com/cory-johannsen/foundry-pf2e-dungeon-crawl/issues/16#issuecomment-5837413008
keketar,17,manual_gemini_direction,user directed remaining levels 9-25 to manual Gemini/nano-banana workflow; NOT evidence ComfyUI failed,n/a (not a failure),git:66212a5 ; git:5656ff0 ; https://github.com/cory-johannsen/foundry-pf2e-dungeon-crawl/issues/16#issuecomment-5837413008
deimavigga,17,manual_gemini_direction,user directed remaining levels 9-25 to manual Gemini/nano-banana workflow; NOT evidence ComfyUI failed,n/a (not a failure),git:66212a5 ; git:5656ff0 ; https://github.com/cory-johannsen/foundry-pf2e-dungeon-crawl/issues/16#issuecomment-5837413008
kadamel,17,manual_gemini_direction,user directed remaining levels 9-25 to manual Gemini/nano-banana workflow; NOT evidence ComfyUI failed,n/a (not a failure),git:66212a5 ; git:5656ff0 ; https://github.com/cory-johannsen/foundry-pf2e-dungeon-crawl/issues/16#issuecomment-5837413008
vaspercham,17,manual_gemini_direction,user directed remaining levels 9-25 to manual Gemini/nano-banana workflow; NOT evidence ComfyUI failed,n/a (not a failure),git:66212a5 ; git:5656ff0 ; https://github.com/cory-johannsen/foundry-pf2e-dungeon-crawl/issues/16#issuecomment-5837413008
bandersnatch,17,manual_gemini_direction,user directed remaining levels 9-25 to manual Gemini/nano-banana workflow; NOT evidence ComfyUI failed,n/a (not a failure),git:66212a5 ; git:5656ff0 ; https://github.com/cory-johannsen/foundry-pf2e-dungeon-crawl/issues/16#issuecomment-5837413008
thrasfyr,17,manual_gemini_direction,user directed remaining levels 9-25 to manual Gemini/nano-banana workflow; NOT evidence ComfyUI failed,n/a (not a failure),git:66212a5 ; git:5656ff0 ; https://github.com/cory-johannsen/foundry-pf2e-dungeon-crawl/issues/16#issuecomment-5837413008
wendigo,17,manual_gemini_direction,user directed remaining levels 9-25 to manual Gemini/nano-banana workflow; NOT evidence ComfyUI failed,n/a (not a failure),git:66212a5 ; git:5656ff0 ; https://github.com/cory-johannsen/foundry-pf2e-dungeon-crawl/issues/16#issuecomment-5837413008
