level,rarity,pack,docId,name
11,common,pf2e.pfs-season-3-bestiary,3r3etd3bUOn58TH3,Advanced Eltha Embercall (9-10)/Eltha Embercall (11-12)
7,common,pf2e.pfs-season-3-bestiary,83lyaQloNlS16sJu,Mature Arabuk
9,common,pf2e.pfs-season-3-bestiary,8CEKF7wq9qZzmveH,Sparkles (9-10)
12,common,pf2e.pfs-season-3-bestiary,8sCLuGyghlIvMoBo,Languid Purple Worm
10,common,pf2e.pfs-season-3-bestiary,8tDDIvcinSurN8BF,Marcien Blakros (9-10)
13,common,pf2e.pfs-season-3-bestiary,AaCmgrEQ4sPakXca,Caliclotherax (11-12)
6,common,pf2e.pfs-season-3-bestiary,DTBa5iNcHztFu7oo,Deep Shadow Guardian
9,common,pf2e.pfs-season-3-bestiary,FyQji78S25WiZMct,Khisisi (7-8)
6,common,pf2e.pfs-season-3-bestiary,HIPqiHMAfN2mmAlg,Cobbled Brutalizer
7,common,pf2e.pfs-season-3-bestiary,JXWHVfaSm3eHIb5v,Onyx Alliance Commander
10,common,pf2e.pfs-season-3-bestiary,LG2pZMbLXZKtcWZh,Arisept (9-10)
8,common,pf2e.pfs-season-3-bestiary,LHEI3E4THLsz0rr0,Enduring Zombie Hulk
6,common,pf2e.pfs-season-3-bestiary,P0Y86CC9ULe0D4x7,Debased Relic
8,common,pf2e.pfs-season-3-bestiary,PqawYWEK0iqvcBZj,Marcien Blakros (7-8) (Shadow Double)
5,common,pf2e.pfs-season-3-bestiary,RxB7Hj5E3kGcE9Fi,Ruthless Fetchling Sneak
9,common,pf2e.pfs-season-3-bestiary,SkV5zYJgu7hdpZE0,Sparkles (11-12)
11,common,pf2e.pfs-season-3-bestiary,XyrToL9Wyl4MoAf1,Caliclotherax (9-10)
9,common,pf2e.pfs-season-3-bestiary,Y5ZcwtbKxA1BImQq,Umbral Cu Sith
6,common,pf2e.pfs-season-3-bestiary,YsF8TteK6XsThooV,Shanrigol Mound
11,common,pf2e.pfs-season-3-bestiary,bgwjxU9MmKJtcxx5,Old Drakauthix (PFS 3-15)
8,common,pf2e.pfs-season-3-bestiary,fiwIeiExpZ1CQKAj,Glurorchaes (7-8)
8,common,pf2e.pfs-season-3-bestiary,gtcISL1zMhQ0mv5g,Arisept (7-8)
12,common,pf2e.pfs-season-3-bestiary,pYR3Ovkd9eKQQ5qE,"Eltha Embercall (11-12, 28+ CP)"
8,common,pf2e.pfs-season-3-bestiary,qDpKFbhWgSWEEA00,Marcien Blakros (7-8)
8,common,pf2e.pfs-season-3-bestiary,sfStaEmGGvXWftsn,Horrid Nightmare
10,common,pf2e.pfs-season-3-bestiary,xVmDwoBxjKyCihYz,Marcien Blakros (9-10) (Shadow Double)
9,common,pf2e.pfs-season-3-bestiary,xiBVzPUwh1QI2lIs,Eltha Embercall (9-10)
10,common,pf2e.pfs-season-3-bestiary,zIMgoLwuJVMYxqeF,Languid Isqulug
7,common,pf2e.pfs-season-3-bestiary,zUbfyAyNN4aYLQKA,Khisisi (5-6)
